x,y,water
303,268,True
303,269,True
303,270,True
303,271,True
303,272,True
303,273,True
303,274,True
303,275,True
303,276,True
303,277,True
303,278,True
303,279,True
303,280,True
303,281,True
303,282,True
303,283,True
303,284,True
304,285,True
304,286,True
304,287,True
304,288,True
304,289,True
304,290,True
304,291,True
304,292,True
304,293,True
304,294,True
304,295,True
304,296,True
304,297,True
304,298,True
304,299,True
304,300,True
304,301,True
304,302,True
304,303,True
304,304,True
304,305,True
304,306,True
304,307,True
304,308,True
304,309,True
304,310,True
304,311,True
304,312,True
304,313,True
304,314,True
304,315,True
304,316,True
304,317,True
304,318,True
305,319,True
305,320,True
305,321,True
305,322,True
305,323,True
305,324,True
305,325,True
305,326,True
305,327,True
305,328,True
305,329,True
305,330,True
305,331,True
305,332,True
305,333,True
305,334,True
305,335,True
305,336,True
305,337,True
305,338,True
305,339,True
305,340,True
305,341,True
305,342,True
305,343,True
305,344,True
305,345,True
305,346,True
305,347,True
305,348,True
305,349,True
305,350,True
305,351,True
305,352,True
305,353,True
305,354,True
305,355,True
305,356,True
305,357,True
305,358,True
305,359,True
305,360,True
305,361,True
305,362,True
304,363,True
304,364,True
304,365,True
304,366,True
304,367,True
304,368,True
304,369,True
304,370,True
304,371,True
304,372,True
304,373,True
304,374,True
304,375,True
304,376,True
304,377,True
304,378,True
304,379,True
304,380,True
304,381,True
304,382,True
304,383,True
304,384,True
304,385,True
304,386,True
304,387,True
304,388,True
304,389,True
304,390,True
304,391,True
305,392,True
305,393,True
305,394,True
305,395,True
305,396,True
306,397,True
306,398,True
306,399,True
306,400,True
307,401,True
307,402,True
307,403,True
307,404,True
307,405,True
308,406,True
308,407,True
308,408,True
308,409,True
308,410,True
309,411,True
309,412,True
309,413,True
309,414,True
310,415,True
310,416,True
310,417,True
310,418,True
310,419,True
311,420,True
311,421,True
311,422,True
311,423,True
311,424,True
312,425,True
312,426,True
312,427,True
312,428,True
313,429,True
313,430,True
313,431,True
313,432,True
313,433,True
314,434,True
314,435,True
314,436,True
314,437,True
314,438,True
315,439,True
315,440,True
315,441,True
315,442,True
315,443,True
316,444,True
316,445,True
316,446,True
316,447,True
317,448,True
317,449,True
317,450,True
317,451,True
317,452,True
318,453,True
318,454,True
318,455,True
318,456,True
318,457,True
319,458,True
319,459,True
319,460,True
319,461,True
320,462,True
320,463,True
320,464,True
320,465,True
320,466,True
321,467,True
321,468,True
321,469,True
321,470,True
321,471,True
322,472,True
322,473,True
322,474,True
322,475,True
323,476,True
323,477,True
323,478,True
323,479,True
323,480,True
324,481,True
324,482,True
324,483,True
324,484,True
324,485,True
325,486,True
325,487,True
325,488,True
325,489,True
325,490,True
326,491,True
326,492,True
326,493,True
326,494,True
327,495,True
327,496,True
327,497,True
327,498,True
327,499,True
328,500,True
328,501,True
328,502,True
328,503,True
328,504,True
329,505,True
329,506,True
329,507,True
329,508,True
330,509,True
330,510,True
330,511,True
330,512,True
330,513,True
331,514,True
331,515,True
331,516,True
331,517,True
331,518,True
332,519,True
332,520,True
332,521,True
332,522,True
333,523,True
333,524,True
333,525,True
333,526,True
333,527,True
334,528,True
334,529,True
334,530,True
334,531,True
334,532,True
334,533,True
334,534,True
334,535,True
334,536,True
334,537,True
333,538,True
333,539,True
333,540,True
333,541,True
333,542,True
333,543,True
333,544,True
333,545,True
333,546,True
333,547,True
333,548,True
333,549,True
333,550,True
333,551,True
332,552,True
332,553,True
332,554,True
332,555,True
332,556,True
332,557,True
332,558,True
332,559,True
332,560,True
332,561,True
332,562,True
332,563,True
332,564,True
332,565,True
331,566,True
331,567,True
331,568,True
331,569,True
331,570,True
331,571,True
331,572,True
331,573,True
331,574,True
331,575,True
331,576,True
331,577,True
331,578,True
331,579,True
331,580,True
330,581,True
330,582,True
330,583,True
330,584,True
330,585,True
330,586,True
330,587,True
330,588,True
330,589,True
330,590,True
330,591,True
330,592,True
330,593,True
330,594,True
329,595,True
329,596,True
329,597,True
329,598,True
329,599,True
329,600,True
329,601,True
329,602,True
329,603,True
329,604,True
329,605,True
329,606,True
329,607,True
329,608,True
328,609,True
328,610,True
328,611,True
328,612,True
328,613,True
328,614,True
328,615,True
328,616,True
328,617,True
328,618,True
328,619,True
328,620,True
328,621,True
328,622,True
327,623,True
327,624,True
327,625,True
327,626,True
327,627,True
327,628,True
327,629,True
327,630,True
327,631,True
327,632,True
327,633,True
327,634,True
327,635,True
327,636,True
327,637,True
326,638,True
326,639,True
326,640,True
326,641,True
326,642,True
326,643,True
326,644,True
326,645,True
326,646,True
326,647,True
326,648,True
326,649,True
326,650,True
326,651,True
325,652,True
325,653,True
325,654,True
325,655,True
325,656,True
325,657,True
325,658,True
325,659,True
325,660,True
325,661,True
325,662,True
325,663,True
325,664,True
325,665,True
324,666,True
324,667,True
324,668,True
324,669,True
324,670,True
324,671,True
324,672,True
324,673,True
324,674,True
323,675,True
323,676,True
323,677,True
322,678,True
322,679,True
322,680,True
321,681,True
321,682,True
321,683,True
320,684,True
320,685,True
320,686,True
319,687,True
319,688,True
319,689,True
318,690,True
318,691,True
318,692,True
317,693,True
317,694,True
317,695,True
316,696,True
316,697,True
316,698,True
315,699,True
315,700,True
315,701,True
315,702,True
314,703,True
314,704,True
314,705,True
313,706,True
313,707,True
313,708,True
312,709,True
312,710,True
312,711,True
311,712,True
311,713,True
311,714,True
310,715,True
310,716,True
310,717,True
309,718,True
309,719,True
309,720,True
308,721,True
308,722,True
308,723,True
307,724,True
307,725,True
307,726,True
306,727,True
306,728,True
306,729,True
306,730,True
306,731,True
306,732,True
306,733,True
306,734,True
306,735,True
306,736,True
306,737,True
306,738,True
306,739,True
306,740,True
306,741,True
306,742,True
306,743,True
306,744,True
306,745,True
306,746,True
306,747,True
306,748,True
306,749,True
306,750,True
306,751,True
306,752,True
306,753,True
306,754,True
306,755,True
306,756,True
306,757,True
306,758,True
306,759,True
306,760,True
306,761,True
306,762,True
306,763,True
306,764,True
306,765,True
306,766,True
306,767,True
306,768,True
306,769,True
306,770,True
306,771,True
306,772,True
306,773,True
306,774,True
306,775,True
306,776,True
307,777,True
307,778,True
307,779,True
308,780,True
308,781,True
308,782,True
309,783,True
309,784,True
309,785,True
310,786,True
310,787,True
310,788,True
311,789,True
311,790,True
311,791,True
312,792,True
312,793,True
312,794,True
313,795,True
313,796,True
313,797,True
314,798,True
314,799,True
314,800,True
315,801,True
315,802,True
315,803,True
316,804,True
316,805,True
317,805,True
318,805,True
319,806,True
320,806,True
321,806,True
322,806,True
323,806,True
324,806,True
325,807,True
326,807,True
327,807,True
328,807,True
329,807,True
330,807,True
331,808,True
332,808,True
333,808,True
334,808,True
335,808,True
336,808,True
337,809,True
338,809,True
339,809,True
340,809,True
341,809,True
342,809,True
343,810,True
344,810,True
345,810,True
346,810,True
347,810,True
348,810,True
349,811,True
350,811,True
351,811,True
352,811,True
353,811,True
354,811,True
355,812,True
356,812,True
357,812,True
358,812,True
359,812,True
360,812,True
361,813,True
362,813,True
363,813,True
364,813,True
365,813,True
366,813,True
367,814,True
368,814,True
369,814,True
370,814,True
371,814,True
372,814,True
373,815,True
374,815,True
375,815,True
376,815,True
377,815,True
378,815,True
379,816,True
380,816,True
381,816,True
382,816,True
383,816,True
384,816,True
385,817,True
386,817,True
387,817,True
388,817,True
389,817,True
390,817,True
391,818,True
392,818,True
393,818,True
394,818,True
395,818,True
396,818,True
397,819,True
398,819,True
399,819,True
400,819,True
401,819,True
402,819,True
403,820,True
404,820,True
405,820,True
406,820,True
407,820,True
408,820,True
409,821,True
410,821,True
411,821,True
412,821,True
413,821,True
414,821,True
415,822,True
416,822,True
417,822,True
418,822,True
419,822,True
420,822,True
421,823,True
422,823,True
423,823,True
424,823,True
425,823,True
426,823,True
427,824,True
428,824,True
429,824,True
430,824,True
431,824,True
432,824,True
433,825,True
434,825,True
435,825,True
436,825,True
437,825,True
438,825,True
439,826,True
440,826,True
441,826,True
442,826,True
443,826,True
444,826,True
445,827,True
446,827,True
447,827,True
448,827,True
449,827,True
450,827,True
451,828,True
452,828,True
453,828,True
454,828,True
455,828,True
456,828,True
457,829,True
458,829,True
459,829,True
460,829,True
461,829,True
462,829,True
463,830,True
464,830,True
465,830,True
466,830,True
467,830,True
468,830,True
469,831,True
470,831,True
471,831,True
472,831,True
473,831,True
474,831,True
475,832,True
476,832,True
477,832,True
478,832,True
479,832,True
480,832,True
481,833,True
482,833,True
483,833,True
484,833,True
485,833,True
486,833,True
487,834,True
488,834,True
489,834,True
490,834,True
491,835,True
492,835,True
493,835,True
494,835,True
495,836,True
496,836,True
497,836,True
498,836,True
499,837,True
500,837,True
501,837,True
502,837,True
503,838,True
504,838,True
505,838,True
506,838,True
507,839,True
508,839,True
509,839,True
510,839,True
511,840,True
512,840,True
513,840,True
514,840,True
515,841,True
516,841,True
517,841,True
518,841,True
519,842,True
520,842,True
521,842,True
522,842,True
523,843,True
524,843,True
525,843,True
526,843,True
527,844,True
528,844,True
529,844,True
530,844,True
531,845,True
532,845,True
533,845,True
534,845,True
535,846,True
536,846,True
537,846,True
538,846,True
539,847,True
540,847,True
541,847,True
542,847,True
543,848,True
544,848,True
545,848,True
546,848,True
547,849,True
548,849,True
549,849,True
550,849,True
551,849,True
552,850,True
553,850,True
554,850,True
555,850,True
556,851,True
557,851,True
558,851,True
559,851,True
560,852,True
561,852,True
562,852,True
563,852,True
564,853,True
565,853,True
566,853,True
567,853,True
568,854,True
569,854,True
570,854,True
571,854,True
572,855,True
573,855,True
574,855,True
575,855,True
576,856,True
577,856,True
578,856,True
579,856,True
580,857,True
581,857,True
582,857,True
583,857,True
584,858,True
585,858,True
586,858,True
587,858,True
588,859,True
589,859,True
590,859,True
591,859,True
592,860,True
593,860,True
594,860,True
595,860,True
596,861,True
597,861,True
598,861,True
599,861,True
600,862,True
601,862,True
602,862,True
603,862,True
604,863,True
605,863,True
606,863,True
607,863,True
608,864,True
609,864,True
610,864,True
611,864,True
612,865,True
613,865,True
614,865,True
615,865,True
616,865,True
617,864,True
618,864,True
619,864,True
620,864,True
621,864,True
622,863,True
623,863,True
624,863,True
625,863,True
626,862,True
627,862,True
628,862,True
629,862,True
630,862,True
631,861,True
632,861,True
633,861,True
634,861,True
635,861,True
636,860,True
637,860,True
638,860,True
639,860,True
640,860,True
641,859,True
642,859,True
643,859,True
644,859,True
645,858,True
646,858,True
647,858,True
648,858,True
649,858,True
650,857,True
651,857,True
652,857,True
653,857,True
654,857,True
655,856,True
656,856,True
657,856,True
658,856,True
659,855,True
660,855,True
661,855,True
662,855,True
663,855,True
664,854,True
665,854,True
666,854,True
667,854,True
668,854,True
669,853,True
670,853,True
671,853,True
672,853,True
673,853,True
674,852,True
675,852,True
676,852,True
677,852,True
678,851,True
679,851,True
680,851,True
681,851,True
682,851,True
683,850,True
684,850,True
685,850,True
686,849,True
687,848,True
688,847,True
689,846,True
690,845,True
691,844,True
692,843,True
693,842,True
694,841,True
695,840,True
696,840,True
697,839,True
698,838,True
699,837,True
700,836,True
701,835,True
702,834,True
703,833,True
704,832,True
705,831,True
706,830,True
707,829,True
708,828,True
709,827,True
710,826,True
711,825,True
712,824,True
713,823,True
714,822,True
715,821,True
716,821,True
717,820,True
718,819,True
719,818,True
720,817,True
721,816,True
722,815,True
723,814,True
724,813,True
725,812,True
726,811,True
727,810,True
728,810,True
729,809,True
730,809,True
731,808,True
732,808,True
733,807,True
734,807,True
735,806,True
736,806,True
737,805,True
738,805,True
739,804,True
740,803,True
741,803,True
742,802,True
743,802,True
744,801,True
745,801,True
746,800,True
747,800,True
748,799,True
749,799,True
750,798,True
751,797,True
752,797,True
753,796,True
754,796,True
755,795,True
756,795,True
757,794,True
758,794,True
759,793,True
760,793,True
761,792,True
762,792,True
763,791,True
764,790,True
765,789,True
766,789,True
767,788,True
768,787,True
769,786,True
770,785,True
771,784,True
772,784,True
773,783,True
774,782,True
775,781,True
776,780,True
777,780,True
778,779,True
779,778,True
780,777,True
781,776,True
782,775,True
783,775,True
784,774,True
785,773,True
786,772,True
787,771,True
788,771,True
789,770,True
790,769,True
791,768,True
792,767,True
793,767,True
794,766,True
795,765,True
796,764,True
797,763,True
798,762,True
799,762,True
800,761,True
801,760,True
802,759,True
803,758,True
804,758,True
805,757,True
806,756,True
807,755,True
808,754,True
809,753,True
810,753,True
811,752,True
812,751,True
813,750,True
814,749,True
815,749,True
816,748,True
817,747,True
818,746,True
819,745,True
820,744,True
821,744,True
822,743,True
823,742,True
824,741,True
825,740,True
826,740,True
827,739,True
828,738,True
829,737,True
830,736,True
831,735,True
832,735,True
833,734,True
834,733,True
835,732,True
836,731,True
837,731,True
838,730,True
839,729,True
840,728,True
841,727,True
842,726,True
843,726,True
844,725,True
845,724,True
846,723,True
847,722,True
848,722,True
849,721,True
850,720,True
851,719,True
852,718,True
853,718,True
854,717,True
855,716,True
856,715,True
857,714,True
858,713,True
859,713,True
860,712,True
861,711,True
862,710,True
863,709,True
864,709,True
865,708,True
866,707,True
867,706,True
868,705,True
869,704,True
870,704,True
871,703,True
872,702,True
873,701,True
874,700,True
875,700,True
876,699,True
877,698,True
878,697,True
879,696,True
880,695,True
881,695,True
882,694,True
883,693,True
884,692,True
885,691,True
886,691,True
887,690,True
888,689,True
889,688,True
890,687,True
891,686,True
892,686,True
893,685,True
894,684,True
895,683,True
896,682,True
897,682,True
898,681,True
899,680,True
900,679,True
901,678,True
902,677,True
903,677,True
904,676,True
905,675,True
906,674,True
907,673,True
908,673,True
909,672,True
910,671,True
911,670,True
912,669,True
913,669,True
914,668,True
915,667,True
916,666,True
917,665,True
918,664,True
919,664,True
920,663,True
921,662,True
922,661,True
923,660,True
924,660,True
925,659,True
926,658,True
927,657,True
928,656,True
929,655,True
930,655,True
931,654,True
932,653,True
933,652,True
934,651,True
935,650,True
936,649,True
937,648,True
938,647,True
938,646,True
939,645,True
940,644,True
941,643,True
942,642,True
943,641,True
943,640,True
944,639,True
944,638,True
945,637,True
945,636,True
946,635,True
946,634,True
947,633,True
947,632,True
948,631,True
948,630,True
949,629,True
949,628,True
949,627,True
950,626,True
950,625,True
951,624,True
951,623,True
952,622,True
952,621,True
953,620,True
953,619,True
954,618,True
954,617,True
955,616,True
955,615,True
955,614,True
956,613,True
956,612,True
957,611,True
957,610,True
958,609,True
958,608,True
959,607,True
959,606,True
960,605,True
960,604,True
961,603,True
961,602,True
961,601,True
962,600,True
962,599,True
963,598,True
963,597,True
964,596,True
964,595,True
965,594,True
965,593,True
966,592,True
966,591,True
967,590,True
967,589,True
968,588,True
968,587,True
968,586,True
969,585,True
969,584,True
970,583,True
970,582,True
971,581,True
971,580,True
972,579,True
972,578,True
973,577,True
973,576,True
974,575,True
974,574,True
974,573,True
975,572,True
975,571,True
976,570,True
976,569,True
977,568,True
977,567,True
978,566,True
978,565,True
979,564,True
979,563,True
980,562,True
980,561,True
980,560,True
981,559,True
981,558,True
982,557,True
982,556,True
983,555,True
983,554,True
984,553,True
984,552,True
985,551,True
985,550,True
986,549,True
986,548,True
986,547,True
987,546,True
987,545,True
988,544,True
988,543,True
989,542,True
989,541,True
990,540,True
990,539,True
991,538,True
991,537,True
992,536,True
992,535,True
992,534,True
993,533,True
993,532,True
994,531,True
994,530,True
995,529,True
995,528,True
996,527,True
996,526,True
997,525,True
997,524,True
998,523,True
998,522,True
998,521,True
999,520,True
999,519,True
1000,518,True
1000,517,True
1001,516,True
1001,515,True
1002,514,True
1002,513,True
1003,512,True
1003,511,True
1004,510,True
1004,509,True
1004,508,True
1005,507,True
1005,506,True
1006,505,True
1006,504,True
1007,503,True
1007,502,True
1008,501,True
1008,500,True
1009,499,True
1009,498,True
1010,497,True
1010,496,True
1010,495,True
1011,494,True
1011,493,True
1012,492,True
1012,491,True
1013,490,True
1013,489,True
1014,488,True
1014,487,True
1015,486,True
1015,485,True
1016,484,True
1016,483,True
1017,482,True
1017,481,True
1017,480,True
1018,479,True
1018,478,True
1019,477,True
1019,476,True
1020,475,True
1020,474,True
1021,473,True
1021,472,True
1022,471,True
1022,470,True
1023,469,True
1023,468,True
1023,467,True
1024,466,True
1024,465,True
1025,464,True
1025,463,True
1026,462,True
1026,461,True
1027,460,True
1027,459,True
1028,458,True
1028,457,True
1029,456,True
1029,455,True
1029,454,True
1030,453,True
1030,452,True
1031,451,True
1031,450,True
1032,449,True
1032,448,True
1033,447,True
1033,446,True
1034,445,True
1034,444,True
1035,443,True
1035,442,True
1035,441,True
1036,440,True
1036,439,True
1037,438,True
1037,437,True
1038,436,True
1038,435,True
1039,434,True
1039,433,True
1040,432,True
1040,431,True
1041,430,True
1041,429,True
1041,428,True
1042,427,True
1042,426,True
1043,425,True
1043,424,True
1044,423,True
1044,422,True
1045,421,True
1045,420,True
1046,419,True
1046,418,True
1047,417,True
1047,416,True
1047,415,True
1048,414,True
1048,413,True
1049,412,True
1049,411,True
1050,410,True
1050,409,True
1051,408,True
1051,407,True
1052,406,True
1052,405,True
1053,404,True
1053,403,True
1053,402,True
1054,401,True
1054,400,True
1055,399,True
1055,398,True
1056,397,True
1056,396,True
1057,395,True
1057,394,True
1058,393,True
1058,392,True
1059,391,True
1059,390,True
1059,389,True
1060,388,True
1060,387,True
1061,386,True
1061,385,True
1062,384,True
1062,383,True
1063,382,True
1063,381,True
1064,380,True
1064,379,True
1065,378,True
1065,377,True
1066,376,True
1066,375,True
1066,374,True
1067,373,True
1067,372,True
1068,371,True
1068,370,True
1069,369,True
1069,368,True
1070,367,True
1070,366,True
1071,365,True
1071,364,True
1072,363,True
1072,362,True
1072,361,True
1073,360,True
1073,359,True
1074,358,True
1074,357,True
1075,356,True
1075,355,True
1076,354,True
1076,353,True
1077,352,True
1077,351,True
1078,350,True
1078,349,True
1078,348,True
1079,347,True
1079,346,True
1080,345,True
1080,344,True
1081,343,True
1081,342,True
1082,341,True
1082,340,True
1083,339,True
1083,338,True
1084,337,True
1084,336,True
1084,335,True
1085,334,True
1085,333,True
1086,332,True
1086,331,True
1087,330,True
1087,329,True
1088,328,True
1088,327,True
1089,326,True
1089,325,True
1090,324,True
1090,323,True
1090,322,True
1090,321,True
1090,320,True
1090,319,True
1090,318,True
1090,317,True
1091,316,True
1091,315,True
1091,314,True
1091,313,True
1091,312,True
1091,311,True
1091,310,True
1091,309,True
1091,308,True
1091,307,True
1091,306,True
1091,305,True
1091,304,True
1091,303,True
1092,302,True
1092,301,True
1092,300,True
1092,299,True
1092,298,True
1092,297,True
1092,296,True
1093,295,True
1094,294,True
1095,293,True
1096,292,True
1097,291,True
1097,290,True
1098,289,True
1099,288,True
1100,287,True
1101,286,True
1102,285,True
1103,284,True
1104,283,True
1105,282,True
1106,281,True
1107,280,True
1108,279,True
1108,278,True
1109,277,True
1110,276,True
1111,275,True
1112,274,True
1113,273,True
1114,272,True
1115,271,True
1116,270,True
1117,269,True
1118,268,True
1118,267,True
1119,266,True
1120,265,True
1121,264,True
1122,263,True
1123,262,True
1124,261,True
1125,260,True
1126,259,True
1127,258,True
1128,257,True
1128,256,True
1129,255,True
1130,254,True
1131,253,True
1132,252,True
1133,251,True
1134,250,True
1135,249,True
1136,248,True
1137,247,True
1138,246,True
1139,245,True
1139,244,True
1140,243,True
1141,242,True
1142,241,True
1143,240,True
1144,239,False
1143,238,False
1142,238,False
1141,237,False
1140,237,False
1139,236,False
1138,236,False
1137,235,False
1136,235,False
1135,234,False
1134,234,False
1133,233,False
1132,233,False
1131,232,False
1130,232,False
1129,231,False
1128,231,False
1127,230,False
1126,230,False
1125,229,False
1124,229,False
1123,228,False
1122,228,False
1121,227,False
1120,227,False
1119,226,False
1118,226,False
1117,225,False
1116,225,False
1115,224,False
1114,224,False
1113,223,False
1112,223,False
1111,222,False
1110,222,False
1109,221,False
1108,221,False
1107,220,False
1106,220,False
1105,219,False
1104,219,False
1103,218,False
1102,218,False
1101,217,False
1100,217,False
1099,216,False
1098,216,False
1097,215,False
1096,215,False
1095,214,False
1094,214,False
1093,213,False
1092,213,False
1091,212,False
1090,212,False
1089,211,False
1088,211,False
1087,210,False
1086,210,False
1085,209,False
1084,209,False
1083,208,False
1082,208,False
1081,207,False
1080,207,False
1079,206,False
1078,205,False
1077,205,False
1076,204,False
1075,204,False
1074,203,False
1073,203,False
1072,202,False
1071,202,False
1070,201,False
1069,201,False
1068,200,False
1067,200,False
1066,199,False
1065,199,False
1064,198,False
1063,198,False
1062,197,False
1061,197,False
1060,196,False
1059,196,False
1058,195,False
1057,195,False
1056,194,False
1055,194,False
1054,193,False
1053,193,False
1052,192,False
1051,192,False
1050,191,False
1049,191,False
1048,190,False
1047,190,False
1046,189,False
1045,189,False
1044,188,False
1043,188,False
1042,187,False
1041,187,False
1040,186,False
1039,186,False
1038,185,False
1037,185,False
1036,184,False
1035,184,False
1034,183,False
1033,183,False
1032,182,False
1031,182,False
1030,181,False
1029,181,False
1028,180,False
1027,180,False
1026,179,False
1025,179,False
1024,178,False
1023,178,False
1022,177,False
1021,177,False
1020,176,False
1019,176,False
1018,175,False
1017,175,False
1016,174,False
1015,174,False
1014,173,False
1013,172,False
1012,172,False
1011,171,False
1010,170,False
1009,170,False
1008,169,False
1007,168,False
1006,167,False
1005,167,False
1004,166,False
1003,165,False
1002,165,False
1001,164,False
1000,163,False
999,163,False
998,162,False
997,161,False
996,161,False
995,160,False
994,159,False
993,159,False
992,158,False
991,157,False
990,156,False
989,156,False
988,155,False
987,154,False
986,154,False
985,153,False
984,152,False
983,152,False
982,151,False
981,150,False
980,150,False
979,149,False
978,148,False
977,148,False
976,147,False
975,146,False
974,145,False
973,145,False
972,144,False
971,143,False
970,143,False
969,142,False
968,141,False
967,141,False
966,140,False
965,139,False
964,139,False
963,138,False
962,137,False
961,137,False
960,136,False
959,135,False
958,134,False
957,134,False
956,133,False
955,132,False
954,132,False
953,131,False
952,130,False
951,130,False
950,129,False
949,128,False
948,128,False
947,127,False
946,126,False
945,126,False
944,125,False
943,124,False
942,123,False
941,123,False
940,122,False
939,121,False
938,121,False
937,120,False
936,120,False
935,121,False
934,121,False
933,122,False
932,122,False
931,122,False
930,123,False
929,123,False
928,124,False
927,124,False
926,125,False
925,125,False
924,125,False
923,126,False
922,126,False
921,127,False
920,127,False
919,127,False
918,128,False
917,128,False
916,129,False
915,129,False
914,130,False
913,130,False
912,130,False
911,131,False
910,131,False
909,132,False
908,132,False
907,132,False
906,133,False
905,133,False
904,134,False
903,134,False
902,135,False
901,135,False
900,135,False
899,136,False
898,136,False
897,137,False
896,137,False
895,137,False
894,138,False
893,138,False
892,139,False
891,139,False
890,140,False
889,140,False
888,140,False
887,141,False
886,141,False
885,142,False
884,142,False
883,142,False
882,143,False
881,143,False
880,144,False
879,144,False
878,145,False
877,145,False
876,145,False
875,146,False
874,146,False
873,147,False
872,147,False
871,147,False
870,148,False
869,148,False
868,149,False
867,149,False
866,150,False
865,150,False
864,150,False
863,151,False
862,151,False
861,152,False
860,152,False
859,152,False
858,153,False
857,153,False
856,154,False
855,154,False
854,155,False
853,155,False
852,155,False
851,156,False
850,156,False
849,157,False
848,157,False
847,157,False
846,158,False
845,158,False
844,159,False
843,159,False
842,159,False
841,160,False
840,160,False
839,161,False
838,161,False
837,162,False
836,162,False
835,162,False
834,163,False
833,163,False
832,164,False
831,164,False
830,164,False
829,165,False
828,165,False
827,166,False
826,166,False
825,167,False
824,167,False
823,167,False
822,168,False
821,168,False
820,169,False
819,169,False
818,169,False
817,170,False
816,170,False
815,171,False
814,171,False
813,172,False
812,172,False
811,172,False
810,173,False
809,173,False
808,174,False
807,174,False
806,174,False
805,175,False
804,175,False
803,176,False
802,176,False
801,177,False
800,177,False
799,177,False
798,178,False
797,178,False
796,179,False
795,179,False
794,179,False
793,180,False
792,180,False
791,181,False
790,181,False
789,182,False
788,182,False
787,182,False
786,183,False
785,183,False
784,184,False
783,184,False
782,184,False
781,185,False
780,185,False
779,186,False
778,186,False
777,187,False
776,187,False
775,187,False
774,188,False
773,188,False
772,189,False
771,189,False
770,190,False
770,191,False
769,192,False
768,193,False
768,194,False
767,195,False
766,196,False
766,197,False
765,198,False
764,199,False
763,200,False
763,201,False
762,202,False
761,203,False
761,204,False
760,205,False
759,206,False
759,207,False
758,208,False
757,209,False
756,210,False
755,211,False
754,212,False
753,213,False
752,214,False
751,215,False
750,216,False
749,217,False
748,218,False
747,219,False
746,219,False
745,220,False
744,220,False
743,221,False
742,222,False
741,222,False
740,223,False
739,223,False
738,224,False
737,224,False
736,225,False
735,226,False
734,226,False
733,227,False
732,227,False
731,228,False
730,228,False
729,228,False
728,229,False
727,229,False
726,229,False
725,229,False
724,230,False
723,230,False
722,230,False
721,230,False
720,230,False
719,231,False
718,231,False
717,231,False
717,232,False
717,233,False
718,234,False
718,235,False
718,236,False
718,237,False
718,238,False
718,239,False
719,240,False
719,241,False
719,242,False
719,243,False
719,244,False
719,245,False
720,246,False
720,247,False
720,248,False
720,249,False
720,250,False
720,251,False
721,252,False
721,253,False
721,254,False
721,255,False
721,256,False
721,257,False
722,258,False
722,259,False
722,260,False
722,261,False
722,262,False
722,263,False
723,264,False
723,265,False
723,266,False
723,267,False
723,268,False
723,269,False
724,270,False
724,271,False
724,272,False
724,273,False
724,274,False
724,275,False
725,276,False
725,277,False
725,278,False
725,279,False
725,280,False
725,281,False
726,282,False
726,283,False
726,284,False
726,285,False
726,286,False
726,287,False
727,288,False
727,289,False
727,290,False
727,291,False
727,292,False
727,293,False
728,294,False
728,295,False
728,296,False
728,297,False
728,298,False
728,299,False
729,300,False
729,301,False
729,302,False
729,303,False
729,304,False
729,305,False
730,306,False
730,307,False
730,308,False
730,309,False
730,310,False
730,311,False
731,312,False
731,313,False
731,314,False
731,315,False
731,316,False
731,317,False
732,318,False
732,319,False
732,320,False
732,321,False
732,322,False
732,323,False
733,324,False
733,325,False
733,326,False
733,327,False
733,328,False
733,329,False
734,330,False
734,331,False
734,332,False
734,333,False
734,334,False
734,335,False
735,336,False
735,337,False
735,338,False
735,339,False
735,340,False
735,341,False
736,342,False
736,343,False
736,344,False
736,345,False
736,346,False
736,347,False
737,348,False
737,349,False
737,350,False
737,351,False
737,352,False
737,353,False
738,354,False
738,355,False
738,356,False
738,357,False
738,358,False
738,359,False
739,360,False
739,361,False
739,362,False
739,363,False
739,364,False
739,365,False
740,366,False
740,367,False
740,368,False
740,369,False
740,370,False
740,371,False
741,372,False
741,373,False
741,374,False
741,375,False
741,376,False
741,377,False
742,378,False
742,379,False
742,380,False
742,381,False
742,382,False
742,383,False
743,384,False
743,385,False
743,386,False
743,387,False
742,387,False
741,387,False
740,388,False
739,388,False
738,388,False
737,388,False
736,389,False
735,389,False
734,389,False
733,389,False
732,389,False
731,390,False
730,390,False
729,390,False
728,390,False
727,391,False
726,391,False
725,391,False
724,391,False
723,391,False
722,392,False
721,392,False
720,392,False
719,392,False
718,393,False
717,393,False
716,393,False
715,393,False
714,393,False
713,394,False
712,394,False
711,394,False
710,394,False
709,395,False
708,395,False
707,395,False
706,395,False
705,396,False
704,396,False
703,396,False
702,396,False
701,396,False
700,397,False
699,397,False
698,397,False
697,397,False
696,398,False
695,398,False
694,398,False
693,398,False
692,398,False
691,399,False
690,399,False
689,399,False
688,399,False
687,400,False
686,400,False
685,400,False
684,400,False
683,400,False
682,401,False
681,401,False
680,401,False
679,401,False
678,402,False
677,402,False
676,402,False
675,402,False
674,402,False
673,403,False
672,403,False
671,403,False
670,403,False
669,404,False
668,404,False
667,404,False
666,404,False
665,404,False
664,405,False
663,405,False
662,405,False
661,405,False
660,406,False
659,406,False
658,406,False
657,406,False
656,406,False
655,407,False
654,407,False
653,407,False
652,407,False
651,408,False
650,408,False
649,408,False
648,408,False
647,409,False
646,409,False
645,409,False
644,409,False
643,409,False
642,410,False
641,410,False
640,410,False
639,410,False
638,411,False
637,411,False
636,411,False
635,411,False
634,411,False
633,412,False
632,412,False
631,412,False
630,412,False
629,413,False
628,413,False
627,413,False
626,413,False
625,413,False
624,414,False
623,414,False
622,414,False
621,414,False
620,415,False
619,415,False
618,415,False
617,415,False
616,415,False
615,416,False
614,416,False
613,416,False
612,416,False
611,417,False
610,417,False
609,417,False
608,417,False
607,417,False
606,418,False
605,418,False
604,418,False
603,418,False
602,419,False
601,419,False
600,419,False
599,419,False
598,419,False
597,420,False
596,420,False
595,420,False
594,420,False
593,421,False
592,421,False
591,421,False
590,421,False
589,421,False
588,422,False
587,422,False
586,422,False
585,422,False
584,423,False
583,423,False
582,423,False
581,423,False
580,424,False
579,424,False
578,424,False
577,424,False
576,424,False
575,425,False
574,425,False
573,425,False
572,425,False
571,426,False
570,426,False
569,426,False
568,426,False
567,426,False
566,427,False
565,427,False
564,427,False
563,427,False
562,428,False
561,428,False
560,428,False
559,428,False
558,428,False
557,429,False
556,429,False
555,429,False
554,429,False
553,430,False
552,430,False
551,430,False
551,429,False
551,428,False
550,427,False
550,426,False
550,425,False
550,424,False
550,423,False
549,422,False
549,421,False
549,420,False
549,419,False
549,418,False
548,417,False
548,416,False
548,415,False
548,414,False
548,413,False
547,412,False
547,411,False
547,410,False
547,409,False
547,408,False
546,407,False
546,406,False
546,405,False
546,404,False
546,403,False
545,402,False
545,401,False
545,400,False
545,399,False
545,398,False
544,397,False
544,396,False
544,395,False
544,394,False
544,393,False
543,392,False
543,391,False
543,390,False
543,389,False
543,388,False
542,387,False
542,386,False
542,385,False
542,384,False
542,383,False
541,382,False
541,381,False
541,380,False
541,379,False
541,378,False
540,377,False
540,376,False
540,375,False
540,374,False
540,373,False
539,372,False
539,371,False
539,370,False
539,369,False
539,368,False
538,367,False
538,366,False
538,365,False
538,364,False
538,363,False
537,362,False
537,361,False
537,360,False
537,359,False
537,358,False
536,357,False
536,356,False
536,355,False
536,354,False
536,353,False
535,352,False
535,351,False
535,350,False
535,349,False
534,348,False
534,347,False
534,346,False
534,345,False
534,344,False
533,343,False
533,342,False
533,341,False
533,340,False
533,339,False
532,338,False
532,337,False
532,336,False
532,335,False
532,334,False
531,333,False
531,332,False
531,331,False
531,330,False
531,329,False
530,328,False
530,327,False
530,326,False
530,325,False
530,324,False
529,323,False
529,322,False
529,321,False
529,320,False
529,319,False
528,318,False
528,317,False
528,316,False
528,315,False
528,314,False
527,313,False
527,312,False
527,311,False
527,310,False
527,309,False
526,308,False
526,307,False
526,306,False
526,305,False
526,304,False
525,303,False
525,302,False
525,301,False
525,300,False
525,299,False
524,298,False
524,297,False
524,296,False
524,295,False
524,294,False
523,293,False
523,292,False
523,291,False
523,290,False
523,289,False
522,288,False
522,287,False
522,286,False
522,285,False
522,284,False
521,283,False
521,282,False
521,281,False
521,280,False
521,279,False
520,278,False
520,277,False
520,276,False
520,275,False
520,274,False
519,273,False
519,272,False
519,271,False
518,271,False
517,271,False
516,272,False
515,272,False
514,272,False
513,272,False
512,272,False
511,272,False
510,273,False
509,273,False
508,273,False
507,273,False
506,273,False
505,273,False
504,274,False
503,274,False
502,274,False
501,274,False
501,273,False
501,272,False
500,271,False
500,270,False
500,269,False
499,269,False
498,269,False
497,269,False
496,269,False
495,269,False
494,269,False
493,269,False
492,269,False
491,269,False
490,269,False
489,269,False
488,269,False
487,269,False
486,269,False
485,269,False
484,269,False
483,269,False
482,269,False
481,269,False
480,269,False
479,269,False
478,269,False
477,269,False
476,269,False
475,269,False
474,269,False
473,269,False
472,269,False
471,269,False
470,269,False
469,269,False
468,269,False
467,269,False
466,269,False
465,269,False
464,269,False
463,269,False
462,269,False
461,269,False
460,269,False
459,269,False
458,269,False
457,269,False
456,269,False
455,269,False
454,269,False
453,269,False
452,269,False
451,269,False
450,269,False
449,269,False
448,269,False
447,269,False
446,269,False
445,269,False
444,269,False
443,269,False
442,269,False
441,269,False
440,269,False
439,269,False
438,269,False
437,269,False
436,269,False
435,269,False
434,269,False
433,269,False
432,269,False
431,269,False
430,269,False
429,269,False
428,269,False
427,269,False
426,269,False
425,269,False
424,269,False
423,269,False
422,269,False
421,269,False
420,269,False
419,269,False
418,269,False
417,269,False
416,269,False
415,269,False
414,269,False
413,269,False
412,269,False
411,269,False
410,269,False
409,269,False
408,269,False
407,269,False
406,269,False
405,269,False
404,269,False
403,269,False
402,269,False
401,268,False
400,268,False
399,268,False
398,268,False
397,268,False
396,268,False
395,268,False
394,268,False
393,268,False
392,268,False
391,268,False
390,268,False
389,268,False
388,268,False
387,268,False
386,268,False
385,268,False
384,268,False
383,268,False
382,268,False
381,268,False
380,268,False
379,268,False
378,268,False
377,268,False
376,268,False
375,268,False
374,268,False
373,268,False
372,268,False
371,268,False
370,268,False
369,268,False
368,268,False
367,268,False
366,268,False
365,268,False
364,268,False
363,268,False
362,268,False
361,268,False
360,268,False
359,268,False
358,268,False
357,268,False
356,268,False
355,268,False
354,268,False
353,268,False
352,268,False
351,268,False
350,268,False
349,268,False
348,268,False
347,268,False
346,268,False
345,268,False
344,268,False
343,268,False
342,268,False
341,268,False
340,268,False
339,268,False
338,268,False
337,268,False
336,268,False
335,268,False
334,268,False
333,268,False
332,268,False
331,268,False
330,268,False
329,268,False
328,268,False
327,268,False
326,268,False
325,268,False
324,268,False
323,268,False
322,268,False
321,268,False
320,268,False
319,268,False
318,268,False
317,268,False
316,268,False
315,268,False
314,268,False
313,268,False
312,268,False
311,268,False
310,268,False
309,268,False
308,268,False
307,268,False
306,268,False
305,268,False
304,268,False
