x,y
36,366
36,367
36,368
36,369
37,366
37,369
37,370
37,371
38,365
38,366
38,371
38,372
38,373
38,374
39,365
39,374
39,375
39,376
40,364
40,365
40,376
40,377
40,378
40,379
41,364
41,379
41,380
41,381
42,363
42,364
42,381
42,382
42,383
43,363
43,383
43,384
43,385
44,363
44,385
44,386
45,362
45,363
45,386
45,387
45,388
46,362
46,388
46,389
47,361
47,362
47,389
47,390
47,391
48,361
48,391
48,392
48,393
48,394
48,395
48,396
48,397
48,398
48,399
49,360
49,361
49,399
49,400
49,401
49,402
49,403
49,404
49,405
49,406
49,407
50,360
50,407
50,408
51,360
51,408
52,359
52,360
52,408
52,409
53,359
53,409
53,410
54,358
54,359
54,410
54,411
55,358
55,411
56,358
56,411
56,412
57,357
57,358
57,412
57,413
58,357
58,413
58,414
59,356
59,357
59,414
60,356
60,414
60,415
61,355
61,356
61,415
61,416
62,355
62,416
62,417
63,355
63,417
64,354
64,355
64,417
64,418
65,354
65,418
66,353
66,354
66,418
67,353
67,417
67,418
68,352
68,353
68,417
69,352
69,416
69,417
70,352
70,416
71,351
71,352
71,415
71,416
72,351
72,415
73,350
73,351
73,415
74,350
74,414
74,415
74,444
74,445
74,446
75,349
75,350
75,414
75,443
75,444
75,446
75,447
76,349
76,413
76,414
76,442
76,443
76,447
76,448
77,349
77,413
77,441
77,442
77,448
77,449
78,349
78,350
78,351
78,413
78,440
78,441
78,449
78,450
79,351
79,352
79,353
79,354
79,412
79,413
79,438
79,439
79,440
79,450
79,451
80,354
80,355
80,356
80,412
80,437
80,438
80,451
80,452
81,356
81,357
81,358
81,359
81,411
81,412
81,436
81,437
81,452
81,453
82,359
82,360
82,361
82,362
82,411
82,435
82,436
82,453
83,362
83,363
83,364
83,365
83,410
83,411
83,434
83,435
83,453
83,454
84,365
84,366
84,367
84,410
84,433
84,434
84,454
84,455
85,367
85,368
85,369
85,370
85,410
85,432
85,433
85,455
85,456
86,370
86,371
86,372
86,373
86,409
86,410
86,431
86,432
86,456
86,457
87,373
87,374
87,375
87,409
87,430
87,431
87,457
87,458
88,375
88,376
88,377
88,378
88,408
88,409
88,428
88,429
88,430
88,458
88,459
89,378
89,379
89,380
89,381
89,408
89,427
89,428
89,459
89,460
89,537
89,538
89,539
89,540
90,381
90,382
90,383
90,384
90,408
90,409
90,426
90,427
90,460
90,461
90,537
90,540
90,541
90,542
91,384
91,385
91,386
91,409
91,425
91,426
91,461
91,462
91,536
91,537
91,542
91,543
91,544
91,545
92,386
92,387
92,388
92,389
92,409
92,424
92,425
92,462
92,463
92,536
92,545
92,546
92,547
93,389
93,390
93,409
93,410
93,423
93,424
93,463
93,464
93,536
93,547
93,548
93,549
93,550
94,390
94,391
94,410
94,423
94,464
94,465
94,536
94,550
94,551
94,552
95,391
95,410
95,423
95,424
95,465
95,466
95,535
95,536
95,552
95,553
95,554
95,555
96,391
96,392
96,410
96,411
96,424
96,425
96,466
96,467
96,535
96,555
96,556
96,557
96,558
97,392
97,411
97,425
97,426
97,467
97,535
97,558
97,559
97,560
98,392
98,411
98,426
98,427
98,467
98,468
98,534
98,535
98,560
98,561
98,562
98,563
98,662
98,663
98,664
98,665
99,392
99,393
99,411
99,412
99,427
99,468
99,469
99,534
99,563
99,564
99,565
99,662
99,665
99,666
99,667
99,668
100,393
100,412
100,427
100,428
100,469
100,470
100,534
100,565
100,566
100,567
100,568
100,661
100,662
100,668
100,669
100,670
100,671
100,672
101,393
101,412
101,428
101,429
101,470
101,471
101,534
101,568
101,569
101,570
101,661
101,672
101,673
101,674
101,675
102,393
102,394
102,412
102,429
102,430
102,471
102,472
102,533
102,534
102,570
102,571
102,572
102,573
102,661
102,675
102,676
102,677
102,678
103,394
103,412
103,413
103,430
103,431
103,472
103,473
103,533
103,573
103,574
103,575
103,660
103,661
103,678
103,679
103,680
103,681
103,682
104,394
104,395
104,413
104,431
104,432
104,473
104,474
104,533
104,575
104,576
104,577
104,578
104,660
104,682
104,683
104,684
104,685
105,395
105,413
105,432
105,433
105,474
105,475
105,532
105,533
105,578
105,579
105,580
105,660
105,685
105,686
105,687
105,688
106,395
106,413
106,414
106,433
106,434
106,475
106,476
106,532
106,580
106,581
106,582
106,583
106,659
106,660
106,688
106,689
106,690
106,691
106,692
107,394
107,395
107,414
107,434
107,435
107,476
107,477
107,532
107,583
107,584
107,585
107,586
107,659
107,692
107,693
107,694
108,394
108,414
108,435
108,477
108,478
108,531
108,532
108,586
108,587
108,588
108,659
108,694
109,394
109,414
109,415
109,435
109,436
109,478
109,479
109,531
109,588
109,589
109,590
109,591
109,658
109,659
109,694
110,394
110,415
110,436
110,437
110,479
110,480
110,531
110,591
110,592
110,593
110,658
110,693
110,694
111,394
111,415
111,416
111,417
111,437
111,438
111,480
111,531
111,593
111,594
111,595
111,596
111,658
111,693
112,394
112,417
112,418
112,438
112,439
112,480
112,481
112,530
112,531
112,596
112,597
112,598
112,658
112,693
113,393
113,394
113,418
113,419
113,437
113,438
113,481
113,482
113,530
113,598
113,599
113,600
113,657
113,658
113,692
113,693
114,393
114,419
114,420
114,421
114,435
114,436
114,437
114,482
114,483
114,529
114,530
114,600
114,657
114,692
115,393
115,421
115,422
115,434
115,435
115,483
115,484
115,529
115,600
115,657
115,692
116,392
116,393
116,422
116,423
116,424
116,433
116,434
116,484
116,485
116,528
116,529
116,599
116,600
116,656
116,657
116,691
116,692
117,392
117,424
117,425
117,426
117,427
117,428
117,429
117,430
117,431
117,432
117,433
117,485
117,486
117,528
117,599
117,656
117,691
118,391
118,392
118,486
118,487
118,527
118,528
118,598
118,599
118,656
118,691
119,390
119,391
119,487
119,526
119,527
119,598
119,640
119,641
119,642
119,643
119,655
119,656
119,690
119,691
120,389
120,390
120,486
120,487
120,526
120,598
120,638
120,639
120,640
120,643
120,644
120,645
120,646
120,647
120,655
120,690
121,389
121,485
121,486
121,525
121,526
121,597
121,598
121,637
121,638
121,647
121,648
121,649
121,650
121,655
121,690
122,388
122,389
122,484
122,485
122,524
122,525
122,597
122,636
122,637
122,650
122,651
122,652
122,653
122,654
122,655
122,689
122,690
123,387
123,388
123,482
123,483
123,484
123,524
123,596
123,597
123,634
123,635
123,636
123,654
123,689
124,386
124,387
124,481
124,482
124,523
124,524
124,596
124,633
124,634
124,689
125,386
125,480
125,481
125,523
125,596
125,633
125,688
125,689
126,385
126,386
126,441
126,479
126,480
126,521
126,522
126,523
126,595
126,596
126,633
126,688
127,384
127,385
127,440
127,452
127,478
127,479
127,519
127,520
127,521
127,595
127,633
127,634
127,688
128,383
128,384
128,439
128,440
128,451
128,452
128,453
128,477
128,478
128,517
128,518
128,519
128,595
128,634
128,687
128,688
129,383
129,438
129,439
129,440
129,451
129,453
129,454
129,476
129,477
129,515
129,516
129,517
129,594
129,595
129,634
129,687
130,382
130,383
130,437
130,438
130,440
130,451
130,454
130,455
130,474
130,475
130,476
130,513
130,514
130,515
130,594
130,634
130,635
130,687
131,381
131,382
131,436
131,437
131,439
131,440
131,451
131,455
131,456
131,473
131,474
131,511
131,512
131,513
131,593
131,594
131,635
131,686
131,687
132,381
132,435
132,436
132,439
132,451
132,456
132,457
132,472
132,473
132,509
132,510
132,511
132,593
132,635
132,636
132,686
133,381
133,382
133,434
133,435
133,439
133,450
133,451
133,457
133,458
133,471
133,472
133,509
133,593
133,636
133,686
134,382
134,383
134,433
134,434
134,439
134,450
134,458
134,459
134,470
134,471
134,509
134,592
134,593
134,636
134,637
134,638
134,685
134,686
135,383
135,384
135,385
135,433
135,439
135,450
135,459
135,460
135,469
135,470
135,509
135,592
135,638
135,639
135,640
135,641
135,685
136,385
136,386
136,432
136,433
136,438
136,439
136,450
136,460
136,461
136,467
136,468
136,469
136,509
136,591
136,592
136,641
136,642
136,643
136,644
136,645
136,685
137,386
137,387
137,431
137,432
137,438
137,450
137,461
137,462
137,466
137,467
137,509
137,591
137,645
137,646
137,647
137,648
137,684
137,685
138,387
138,388
138,389
138,430
138,431
138,438
138,450
138,462
138,463
138,465
138,466
138,509
138,591
138,648
138,649
138,650
138,651
138,684
139,389
139,390
139,429
139,430
139,438
139,449
139,450
139,463
139,464
139,465
139,509
139,590
139,591
139,651
139,652
139,684
140,390
140,391
140,418
140,428
140,429
140,438
140,439
140,440
140,441
140,449
140,509
140,590
140,651
140,683
140,684
141,391
141,392
141,393
141,417
141,418
141,419
141,427
141,428
141,441
141,442
141,443
141,444
141,445
141,449
141,509
141,553
141,554
141,589
141,590
141,650
141,651
141,683
142,393
142,394
142,417
142,419
142,420
142,426
142,427
142,445
142,446
142,447
142,448
142,449
142,509
142,552
142,553
142,554
142,555
142,556
142,557
142,589
142,650
142,683
143,394
143,395
143,416
143,417
143,420
143,421
143,425
143,426
143,509
143,552
143,557
143,558
143,559
143,560
143,561
143,589
143,650
143,683
144,395
144,396
144,415
144,416
144,421
144,422
144,424
144,425
144,509
144,510
144,551
144,552
144,561
144,562
144,563
144,564
144,588
144,589
144,649
144,650
144,682
144,683
145,396
145,397
145,398
145,414
145,415
145,422
145,423
145,424
145,510
145,550
145,551
145,564
145,565
145,566
145,567
145,588
145,649
145,682
146,398
146,399
146,414
146,510
146,549
146,550
146,567
146,568
146,569
146,570
146,588
146,649
146,682
147,399
147,400
147,413
147,414
147,510
147,548
147,549
147,570
147,571
147,572
147,573
147,587
147,588
147,648
147,649
147,681
147,682
148,400
148,401
148,402
148,412
148,413
148,510
148,548
148,573
148,574
148,575
148,576
148,577
148,587
148,648
148,681
149,402
149,403
149,411
149,412
149,510
149,547
149,548
149,577
149,578
149,579
149,580
149,586
149,587
149,647
149,648
149,681
150,403
150,404
150,411
150,510
150,546
150,547
150,580
150,581
150,582
150,583
150,586
150,647
150,680
150,681
151,404
151,405
151,406
151,410
151,411
151,510
151,546
151,583
151,584
151,585
151,586
151,647
151,680
152,406
152,407
152,409
152,410
152,510
152,546
152,646
152,647
152,680
153,407
153,408
153,409
153,510
153,546
153,646
153,680
154,510
154,546
154,645
154,646
154,679
154,680
155,510
155,546
155,645
155,679
156,179
156,180
156,181
156,182
156,183
156,510
156,546
156,645
156,679
157,179
157,183
157,184
157,185
157,186
157,187
157,188
157,510
157,546
157,644
157,645
157,678
157,679
158,179
158,188
158,189
158,190
158,191
158,192
158,193
158,194
158,510
158,546
158,644
158,678
159,178
159,179
159,194
159,195
159,196
159,197
159,198
159,199
159,510
159,546
159,644
159,678
160,178
160,199
160,200
160,201
160,202
160,203
160,204
160,510
160,546
160,643
160,644
160,677
160,678
161,178
161,204
161,205
161,206
161,207
161,208
161,209
161,210
161,510
161,546
161,547
161,643
161,677
162,178
162,210
162,211
162,212
162,213
162,214
162,215
162,510
162,547
162,642
162,643
162,677
163,178
163,215
163,216
163,217
163,218
163,219
163,220
163,510
163,547
163,642
163,677
164,177
164,178
164,220
164,221
164,222
164,223
164,224
164,225
164,226
164,510
164,547
164,641
164,642
164,676
164,677
165,177
165,226
165,227
165,228
165,229
165,230
165,231
165,510
165,511
165,547
165,640
165,641
165,676
166,177
166,231
166,232
166,233
166,234
166,511
166,547
166,639
166,640
166,676
167,177
167,234
167,511
167,547
167,638
167,639
167,675
167,676
168,176
168,177
168,234
168,511
168,547
168,638
168,675
169,176
169,234
169,511
169,547
169,637
169,638
169,675
170,176
170,233
170,234
170,511
170,547
170,636
170,637
170,674
170,675
171,176
171,233
171,511
171,547
171,635
171,636
171,674
172,176
172,233
172,511
172,547
172,634
172,635
172,674
173,175
173,176
173,233
173,258
173,259
173,260
173,261
173,262
173,511
173,547
173,633
173,634
173,655
173,656
173,657
173,658
173,659
173,660
173,661
173,674
174,175
174,233
174,258
174,262
174,263
174,264
174,265
174,266
174,267
174,511
174,538
174,539
174,540
174,541
174,542
174,543
174,544
174,545
174,546
174,547
174,632
174,633
174,650
174,651
174,652
174,653
174,654
174,655
174,661
174,662
174,663
174,664
174,665
174,673
174,674
175,175
175,232
175,233
175,258
175,267
175,268
175,269
175,270
175,271
175,272
175,273
175,511
175,521
175,522
175,523
175,524
175,525
175,526
175,527
175,528
175,529
175,530
175,531
175,532
175,533
175,534
175,535
175,536
175,537
175,538
175,631
175,632
175,650
175,665
175,666
175,667
175,668
175,669
175,673
176,175
176,232
176,257
176,258
176,273
176,274
176,275
176,276
176,277
176,278
176,511
176,512
176,513
176,514
176,515
176,516
176,517
176,518
176,519
176,520
176,521
176,630
176,631
176,649
176,650
176,669
176,670
176,671
176,672
176,673
177,175
177,232
177,257
177,278
177,279
177,280
177,281
177,282
177,283
177,629
177,630
177,649
178,174
178,175
178,232
178,257
178,283
178,284
178,285
178,286
178,287
178,288
178,289
178,629
178,648
178,649
179,174
179,232
179,257
179,289
179,290
179,291
179,292
179,293
179,294
179,628
179,629
179,648
180,174
180,231
180,232
180,257
180,294
180,295
180,296
180,297
180,298
180,299
180,627
180,628
180,647
180,648
181,174
181,231
181,256
181,257
181,299
181,300
181,301
181,302
181,303
181,304
181,305
181,626
181,627
181,648
182,173
182,174
182,231
182,256
182,305
182,306
182,307
182,308
182,309
182,310
182,625
182,626
182,648
182,649
183,173
183,231
183,256
183,310
183,311
183,312
183,313
183,624
183,625
183,649
184,173
184,231
184,256
184,313
184,623
184,624
184,649
184,650
185,173
185,230
185,231
185,256
185,313
185,622
185,623
185,650
186,173
186,230
186,255
186,256
186,313
186,621
186,622
186,650
186,651
187,172
187,173
187,230
187,255
187,312
187,313
187,620
187,621
187,651
187,652
188,172
188,230
188,255
188,312
188,620
188,652
188,653
189,172
189,229
189,230
189,255
189,312
189,619
189,620
189,653
189,654
190,172
190,229
190,255
190,312
190,618
190,619
190,654
190,655
191,172
191,229
191,254
191,255
191,312
191,617
191,618
191,655
191,656
192,171
192,172
192,229
192,254
192,312
192,616
192,617
192,656
192,657
193,171
193,229
193,254
193,311
193,312
193,615
193,616
193,657
193,658
194,171
194,228
194,229
194,254
194,311
194,614
194,615
194,658
194,659
195,171
195,228
195,254
195,311
195,613
195,614
195,659
195,660
196,170
196,171
196,228
196,253
196,254
196,311
196,612
196,613
196,660
196,661
197,170
197,228
197,253
197,311
197,611
197,612
197,661
198,170
198,228
198,253
198,310
198,311
198,611
198,660
198,661
199,170
199,227
199,228
199,253
199,310
199,610
199,611
199,659
199,660
200,170
200,171
200,172
200,173
200,227
200,253
200,310
200,609
200,610
200,658
200,659
201,173
201,174
201,175
201,176
201,177
201,227
201,252
201,253
201,310
201,608
201,609
201,657
201,658
202,177
202,178
202,179
202,180
202,181
202,182
202,227
202,252
202,310
202,607
202,608
202,656
202,657
203,182
203,183
203,184
203,185
203,186
203,227
203,252
203,310
203,606
203,607
203,656
204,186
204,187
204,188
204,189
204,190
204,226
204,227
204,252
204,309
204,310
204,606
204,655
204,656
205,190
205,191
205,192
205,193
205,194
205,195
205,226
205,252
205,309
205,606
205,607
205,654
205,655
206,195
206,196
206,197
206,198
206,199
206,226
206,251
206,252
206,309
206,607
206,608
206,653
206,654
207,199
207,200
207,201
207,202
207,203
207,204
207,226
207,251
207,309
207,608
207,609
207,652
207,653
208,204
208,205
208,206
208,207
208,208
208,226
208,251
208,309
208,609
208,610
208,651
208,652
209,208
209,209
209,210
209,211
209,212
209,225
209,226
209,251
209,308
209,309
209,610
209,611
209,650
209,651
210,212
210,213
210,214
210,215
210,216
210,217
210,225
210,251
210,308
210,611
210,612
210,649
210,650
211,217
211,218
211,219
211,220
211,221
211,225
211,250
211,251
211,308
211,612
211,613
211,648
211,649
212,221
212,222
212,223
212,224
212,225
212,250
212,308
212,613
212,614
212,647
212,648
213,250
213,308
213,614
213,615
213,647
214,250
214,308
214,615
214,616
214,646
214,647
215,250
215,307
215,308
215,616
215,617
215,645
215,646
216,249
216,250
216,307
216,617
216,618
216,644
216,645
217,249
217,307
217,618
217,619
217,620
217,643
217,644
218,249
218,307
218,620
218,621
218,642
218,643
219,249
219,307
219,621
219,622
219,641
219,642
220,249
220,250
220,251
220,252
220,253
220,306
220,307
220,622
220,623
220,640
220,641
221,253
221,254
221,255
221,256
221,257
221,258
221,259
221,306
221,623
221,624
221,639
221,640
222,259
222,260
222,261
222,262
222,263
222,264
222,265
222,306
222,624
222,625
222,638
222,639
223,265
223,266
223,267
223,268
223,269
223,270
223,271
223,306
223,625
223,626
223,638
224,271
224,272
224,273
224,274
224,275
224,276
224,277
224,306
224,626
224,627
224,637
224,638
225,277
225,278
225,279
225,280
225,281
225,282
225,283
225,306
225,627
225,628
225,636
225,637
226,283
226,284
226,285
226,286
226,287
226,288
226,289
226,305
226,306
226,628
226,629
226,635
226,636
227,289
227,290
227,291
227,292
227,293
227,294
227,295
227,305
227,629
227,630
227,634
227,635
228,295
228,296
228,297
228,298
228,299
228,300
228,301
228,305
228,630
228,631
228,633
228,634
229,301
229,302
229,303
229,304
229,305
229,631
229,632
229,633
247,312
247,313
247,314
247,315
247,316
248,312
248,316
248,317
248,318
248,319
248,320
249,312
249,320
249,321
249,322
249,323
249,324
250,311
250,312
250,324
250,325
250,326
250,327
251,311
251,327
252,311
252,327
253,311
253,327
254,310
254,311
254,326
254,327
255,310
255,326
256,310
256,326
257,310
257,326
258,310
258,326
259,309
259,310
259,325
259,326
260,309
260,325
261,309
261,325
262,309
262,325
263,308
263,309
263,325
264,308
264,324
264,325
265,308
265,324
266,308
266,324
266,434
266,435
266,436
266,437
267,307
267,308
267,324
267,432
267,433
267,434
267,437
268,307
268,324
268,430
268,431
268,432
268,437
268,438
269,307
269,323
269,324
269,428
269,429
269,430
269,438
270,307
270,323
270,426
270,427
270,428
270,438
271,307
271,323
271,424
271,425
271,426
271,438
271,439
272,306
272,307
272,323
272,422
272,423
272,424
272,439
273,306
273,323
273,420
273,421
273,422
273,439
273,440
274,306
274,322
274,323
274,418
274,419
274,420
274,440
275,306
275,322
275,417
275,418
275,440
276,305
276,306
276,322
276,415
276,416
276,417
276,440
276,441
277,305
277,322
277,414
277,415
277,441
278,305
278,322
278,413
278,414
278,441
279,305
279,321
279,322
279,411
279,412
279,413
279,441
279,442
280,305
280,306
280,307
280,308
280,309
280,321
280,410
280,411
280,442
281,309
281,310
281,311
281,312
281,313
281,314
281,315
281,316
281,321
281,409
281,410
281,442
281,443
282,316
282,317
282,318
282,319
282,320
282,321
282,407
282,408
282,409
282,443
283,406
283,407
283,443
284,405
284,406
284,443
284,444
285,404
285,405
285,444
286,403
286,404
286,444
287,402
287,403
287,444
287,445
288,401
288,402
288,445
289,400
289,401
289,445
289,625
289,626
289,627
289,628
289,629
289,630
289,631
289,632
289,633
289,634
289,635
289,636
289,637
289,638
289,639
289,640
289,641
289,642
289,643
289,644
289,645
289,646
289,647
289,648
289,649
289,650
289,651
289,652
289,653
289,654
289,655
289,656
289,657
289,658
289,659
289,660
289,661
289,662
289,663
289,664
289,665
289,666
289,667
289,668
289,669
289,670
290,399
290,400
290,445
290,446
290,625
290,670
291,398
291,399
291,446
291,625
291,670
292,397
292,398
292,446
292,447
292,625
292,670
293,396
293,397
293,447
293,625
293,670
294,395
294,396
294,447
294,625
294,670
295,394
295,395
295,447
295,448
295,625
295,670
296,393
296,394
296,448
296,625
296,670
297,392
297,393
297,448
297,625
297,670
298,391
298,392
298,447
298,448
298,625
298,670
299,389
299,390
299,391
299,445
299,446
299,447
299,625
299,670
300,387
300,388
300,389
300,443
300,444
300,445
300,625
300,670
301,385
301,386
301,387
301,441
301,442
301,443
301,625
301,670
302,384
302,385
302,440
302,441
302,625
302,670
303,382
303,383
303,384
303,438
303,439
303,440
303,625
303,670
304,380
304,381
304,382
304,436
304,437
304,438
304,625
304,670
305,378
305,379
305,380
305,435
305,436
305,625
305,626
305,670
306,375
306,376
306,377
306,378
306,433
306,434
306,435
306,626
306,670
307,371
307,372
307,373
307,374
307,375
307,431
307,432
307,433
307,626
307,670
308,367
308,368
308,369
308,370
308,371
308,429
308,430
308,431
308,626
308,670
308,671
309,363
309,364
309,365
309,366
309,367
309,428
309,429
309,626
309,671
309,672
310,351
310,352
310,353
310,354
310,355
310,356
310,357
310,358
310,359
310,360
310,361
310,362
310,363
310,427
310,428
310,626
310,672
310,673
311,342
311,343
311,344
311,345
311,346
311,347
311,348
311,349
311,350
311,351
311,427
311,626
311,673
312,342
312,426
312,427
312,626
312,673
312,674
313,342
313,425
313,426
313,626
313,674
313,675
314,342
314,424
314,425
314,626
314,675
314,676
315,342
315,423
315,424
315,626
315,676
315,677
316,342
316,423
316,626
316,677
316,678
317,342
317,422
317,423
317,626
317,678
318,342
318,421
318,422
318,626
318,634
318,635
318,636
318,637
318,638
318,639
318,640
318,641
318,678
318,679
319,342
319,420
319,421
319,626
319,627
319,628
319,629
319,630
319,631
319,632
319,633
319,634
319,641
319,642
319,643
319,644
319,679
319,680
319,681
320,342
320,420
320,644
320,645
320,646
320,647
320,681
320,682
320,683
320,684
320,685
321,341
321,342
321,419
321,420
321,647
321,648
321,649
321,685
321,686
321,687
321,688
321,689
322,341
322,418
322,419
322,649
322,650
322,651
322,652
322,689
322,690
322,691
322,692
323,341
323,418
323,652
323,653
323,692
323,693
323,694
323,695
323,696
324,341
324,417
324,418
324,653
324,654
324,696
324,697
324,698
324,699
324,700
325,341
325,417
325,654
325,700
325,701
325,702
326,341
326,417
326,654
326,702
327,341
327,416
327,417
327,654
327,655
327,702
328,341
328,416
328,655
328,702
329,341
329,416
329,655
329,702
330,341
330,416
330,655
330,656
330,702
331,341
331,415
331,416
331,656
331,701
331,702
332,341
332,415
332,656
332,701
333,341
333,415
333,656
333,657
333,701
334,341
334,414
334,415
334,657
334,701
335,341
335,414
335,657
335,701
336,341
336,414
336,657
336,658
336,701
337,341
337,413
337,414
337,658
337,701
338,341
338,413
338,658
338,701
339,340
339,341
339,413
339,658
339,659
339,701
340,340
340,413
340,659
340,701
341,340
341,412
341,413
341,659
341,700
341,701
342,340
342,412
342,658
342,659
342,700
343,340
343,412
343,658
343,700
344,340
344,412
344,658
344,700
345,340
345,412
345,658
345,700
346,340
346,412
346,413
346,657
346,658
346,700
347,340
347,413
347,624
347,625
347,626
347,657
347,700
348,340
348,413
348,623
348,624
348,626
348,627
348,657
348,700
349,340
349,413
349,622
349,623
349,627
349,628
349,629
349,657
349,700
350,340
350,413
350,621
350,622
350,629
350,630
350,656
350,657
350,700
351,340
351,413
351,621
351,630
351,631
351,656
351,699
351,700
352,340
352,413
352,620
352,621
352,631
352,632
352,656
352,699
353,340
353,413
353,619
353,620
353,632
353,633
353,656
353,699
354,340
354,413
354,618
354,619
354,633
354,634
354,635
354,655
354,656
354,699
355,340
355,413
355,617
355,618
355,635
355,636
355,655
355,699
356,340
356,413
356,414
356,616
356,617
356,636
356,637
356,654
356,655
356,699
357,339
357,340
357,414
357,616
357,637
357,638
357,650
357,651
357,652
357,653
357,654
357,699
358,339
358,414
358,615
358,616
358,638
358,639
358,640
358,646
358,647
358,648
358,649
358,650
358,699
359,339
359,414
359,614
359,615
359,640
359,641
359,642
359,643
359,644
359,645
359,646
359,699
360,339
360,414
360,613
360,614
360,641
360,642
360,698
360,699
361,339
361,414
361,415
361,612
361,613
361,698
362,339
362,415
362,611
362,612
362,698
363,339
363,415
363,416
363,610
363,611
363,698
364,339
364,416
364,610
364,698
365,339
365,416
365,417
365,609
365,610
365,698
366,339
366,417
366,608
366,609
366,698
367,339
367,340
367,341
367,342
367,417
367,418
367,607
367,608
367,698
368,342
368,343
368,344
368,345
368,346
368,347
368,418
368,606
368,607
368,698
369,347
369,348
369,349
369,350
369,351
369,352
369,418
369,419
369,605
369,606
369,698
370,352
370,353
370,354
370,355
370,356
370,419
370,605
370,697
370,698
371,356
371,357
371,358
371,359
371,419
371,420
371,604
371,605
371,697
372,359
372,360
372,361
372,362
372,420
372,603
372,604
372,697
373,362
373,363
373,364
373,365
373,420
373,421
373,602
373,603
373,697
374,365
374,366
374,367
374,368
374,421
374,601
374,602
374,697
375,368
375,369
375,370
375,421
375,422
375,600
375,601
375,697
376,370
376,371
376,372
376,422
376,599
376,600
376,697
377,372
377,373
377,374
377,422
377,423
377,599
377,697
378,374
378,375
378,423
378,424
378,598
378,599
378,697
379,375
379,376
379,377
379,424
379,425
379,426
379,597
379,598
379,697
380,377
380,378
380,379
380,426
380,427
380,596
380,597
380,696
380,697
381,379
381,380
381,427
381,428
381,595
381,596
381,696
382,380
382,381
382,382
382,428
382,429
382,430
382,594
382,595
382,659
382,660
382,661
382,662
382,663
382,664
382,665
382,696
383,382
383,383
383,384
383,430
383,431
383,594
383,657
383,658
383,659
383,665
383,666
383,667
383,668
383,669
383,670
383,671
383,672
383,673
383,674
383,675
383,676
383,677
383,696
384,384
384,385
384,431
384,432
384,593
384,594
384,655
384,656
384,657
384,677
384,678
384,679
384,680
384,681
384,682
384,683
384,684
384,685
384,686
384,687
384,688
384,689
384,696
385,385
385,386
385,432
385,433
385,434
385,592
385,593
385,653
385,654
385,655
385,689
385,690
385,691
385,692
385,693
385,694
385,695
385,696
386,386
386,434
386,435
386,591
386,592
386,650
386,651
386,652
386,653
387,386
387,387
387,435
387,436
387,591
387,648
387,649
387,650
388,387
388,388
388,436
388,437
388,438
388,591
388,592
388,646
388,647
388,648
389,388
389,389
389,438
389,439
389,440
389,592
389,593
389,644
389,645
389,646
390,389
390,440
390,441
390,442
390,443
390,593
390,594
390,595
390,642
390,643
390,644
391,389
391,390
391,443
391,444
391,445
391,446
391,595
391,596
391,641
391,642
392,390
392,391
392,446
392,447
392,448
392,449
392,596
392,597
392,640
392,641
393,391
393,392
393,449
393,450
393,451
393,452
393,453
393,597
393,598
393,640
394,392
394,453
394,454
394,455
394,456
394,598
394,599
394,639
394,640
395,392
395,393
395,456
395,457
395,458
395,459
395,599
395,600
395,601
395,638
395,639
396,393
396,394
396,459
396,460
396,461
396,601
396,602
396,637
396,638
397,394
397,395
397,461
397,602
397,603
397,636
397,637
398,395
398,461
398,603
398,604
398,635
398,636
399,395
399,396
399,461
399,604
399,605
399,634
399,635
400,396
400,397
400,461
400,605
400,606
400,607
400,633
400,634
401,397
401,398
401,460
401,461
401,607
401,608
401,633
402,398
402,399
402,460
402,608
402,609
402,632
402,633
403,399
403,400
403,460
403,609
403,610
403,631
403,632
404,400
404,401
404,460
404,610
404,611
404,630
404,631
405,401
405,402
405,460
405,611
405,612
405,613
405,629
405,630
406,402
406,403
406,460
406,613
406,614
406,628
406,629
407,403
407,404
407,460
407,614
407,615
407,627
407,628
408,404
408,405
408,460
408,615
408,616
408,626
408,627
409,405
409,406
409,459
409,460
409,616
409,617
409,626
410,406
410,407
410,459
410,617
410,618
410,619
410,625
410,626
411,407
411,408
411,459
411,619
411,620
411,624
411,625
412,408
412,409
412,459
412,620
412,621
412,623
412,624
413,409
413,410
413,459
413,621
413,622
413,623
414,410
414,411
414,459
415,411
415,412
415,413
415,459
416,413
416,414
416,415
416,459
417,415
417,416
417,417
417,458
417,459
418,417
418,418
418,419
418,458
419,419
419,420
419,421
419,458
420,421
420,422
420,423
420,458
421,423
421,424
421,425
421,458
422,425
422,426
422,427
422,458
423,427
423,428
423,429
423,430
423,458
424,430
424,431
424,432
424,433
424,458
425,433
425,434
425,435
425,436
425,457
425,458
426,436
426,437
426,438
426,439
426,457
427,439
427,440
427,441
427,442
427,443
427,457
428,443
428,444
428,445
428,446
428,447
428,448
428,457
429,448
429,449
429,450
429,451
429,452
429,453
429,457
430,453
430,454
430,455
430,456
430,457
447,601
447,602
447,603
447,604
447,605
447,606
447,607
447,608
447,609
447,610
448,600
448,601
448,610
448,611
448,612
448,613
448,614
448,615
448,616
448,617
448,618
448,619
449,600
449,619
449,620
449,621
450,599
450,600
450,621
450,622
450,623
451,598
451,599
451,623
451,624
451,625
452,597
452,598
452,625
452,626
452,627
453,597
453,627
453,628
453,629
454,596
454,597
454,629
454,630
454,631
455,595
455,596
455,631
456,594
456,595
456,631
456,632
457,594
457,632
458,593
458,594
458,632
458,633
459,591
459,592
459,593
459,633
460,590
460,591
460,633
460,634
461,588
461,589
461,590
461,634
462,587
462,588
462,634
462,635
463,586
463,587
463,635
464,584
464,585
464,586
464,635
464,636
465,582
465,583
465,584
465,636
466,579
466,580
466,581
466,582
466,636
466,637
467,576
467,577
467,578
467,579
467,637
468,573
468,574
468,575
468,576
468,637
468,638
469,571
469,572
469,573
469,638
470,570
470,571
470,638
470,639
471,569
471,570
471,639
472,568
472,569
472,639
472,640
473,568
473,640
474,567
474,568
474,640
474,641
475,566
475,567
475,641
476,565
476,566
476,641
476,642
477,564
477,565
477,642
478,563
478,564
478,642
478,643
479,563
479,643
480,562
480,563
480,643
480,644
481,561
481,562
481,644
482,560
482,561
482,643
482,644
483,560
483,642
483,643
484,560
484,640
484,641
484,642
485,560
485,639
485,640
486,168
486,169
486,170
486,171
486,172
486,560
486,638
486,639
487,168
487,172
487,173
487,174
487,175
487,176
487,177
487,178
487,560
487,637
487,638
488,167
488,168
488,178
488,179
488,180
488,181
488,182
488,183
488,184
488,560
488,636
488,637
489,167
489,184
489,185
489,186
489,187
489,188
489,189
489,190
489,560
489,634
489,635
489,636
490,166
490,167
490,190
490,191
490,192
490,193
490,194
490,195
490,196
490,560
490,561
490,633
490,634
491,166
491,196
491,197
491,198
491,199
491,200
491,201
491,202
491,561
491,632
491,633
492,166
492,202
492,203
492,204
492,205
492,206
492,207
492,208
492,561
492,631
492,632
493,165
493,166
493,208
493,209
493,210
493,211
493,212
493,213
493,214
493,561
493,630
493,631
494,165
494,214
494,215
494,216
494,217
494,218
494,219
494,220
494,561
494,629
494,630
495,164
495,165
495,220
495,221
495,222
495,223
495,224
495,225
495,561
495,629
496,164
496,225
496,226
496,227
496,228
496,229
496,230
496,231
496,526
496,527
496,528
496,561
496,562
496,628
496,629
497,163
497,164
497,231
497,232
497,233
497,234
497,235
497,236
497,237
497,525
497,526
497,528
497,529
497,530
497,562
497,563
497,627
497,628
498,163
498,237
498,238
498,239
498,240
498,241
498,242
498,243
498,524
498,525
498,530
498,531
498,532
498,563
498,564
498,626
498,627
499,163
499,243
499,244
499,245
499,246
499,247
499,248
499,249
499,523
499,524
499,532
499,533
499,534
499,564
499,625
499,626
500,162
500,163
500,249
500,250
500,251
500,252
500,253
500,254
500,255
500,522
500,523
500,534
500,535
500,536
500,564
500,565
500,624
500,625
501,162
501,255
501,256
501,257
501,258
501,259
501,260
501,261
501,521
501,522
501,536
501,537
501,565
501,566
501,624
502,161
502,162
502,261
502,262
502,263
502,264
502,265
502,266
502,267
502,520
502,521
502,537
502,538
502,539
502,566
502,567
502,623
502,624
503,161
503,267
503,268
503,269
503,270
503,271
503,272
503,273
503,519
503,520
503,539
503,540
503,541
503,567
503,568
503,622
503,623
504,161
504,273
504,274
504,275
504,276
504,277
504,278
504,279
504,518
504,519
504,541
504,542
504,543
504,568
504,569
504,570
504,621
504,622
505,160
505,161
505,279
505,280
505,281
505,282
505,517
505,518
505,543
505,544
505,545
505,570
505,571
505,572
505,573
505,574
505,621
506,160
506,282
506,516
506,517
506,545
506,546
506,574
506,575
506,576
506,577
506,578
506,602
506,603
506,604
506,605
506,606
506,607
506,608
506,609
506,610
506,611
506,612
506,613
506,620
506,621
507,159
507,160
507,282
507,515
507,516
507,546
507,547
507,578
507,579
507,580
507,581
507,582
507,590
507,591
507,592
507,593
507,594
507,595
507,596
507,597
507,598
507,599
507,600
507,601
507,602
507,613
507,614
507,615
507,616
507,617
507,618
507,619
507,620
508,159
508,281
508,282
508,514
508,515
508,547
508,548
508,582
508,583
508,584
508,585
508,586
508,587
508,588
508,589
508,590
509,159
509,281
509,513
509,514
509,548
509,549
509,550
510,158
510,159
510,281
510,512
510,513
510,550
510,551
511,158
511,281
511,511
511,512
511,551
511,552
512,157
512,158
512,280
512,281
512,510
512,511
512,552
512,553
513,157
513,280
513,509
513,510
513,553
513,554
514,156
514,157
514,280
514,509
514,554
514,555
514,556
515,156
515,280
515,508
515,509
515,556
515,557
516,156
516,279
516,280
516,508
516,557
516,558
517,155
517,156
517,279
517,507
517,508
517,558
517,559
518,155
518,279
518,507
518,559
518,560
519,154
519,155
519,279
519,507
519,560
519,561
519,562
520,154
520,278
520,279
520,506
520,507
520,562
520,563
521,154
521,278
521,506
521,563
521,564
522,153
522,154
522,278
522,505
522,506
522,564
522,565
523,153
523,278
523,505
523,565
524,152
524,153
524,277
524,278
524,505
524,565
525,152
525,277
525,504
525,505
525,564
525,565
526,152
526,277
526,504
526,564
527,151
527,152
527,277
527,503
527,504
527,563
527,564
528,151
528,276
528,277
528,503
528,563
529,150
529,151
529,276
529,502
529,503
529,562
529,563
530,150
530,276
530,502
530,562
531,149
531,150
531,276
531,502
531,562
532,149
532,275
532,276
532,501
532,502
532,561
532,562
533,149
533,275
533,501
533,561
534,148
534,149
534,275
534,500
534,501
534,560
534,561
535,148
535,275
535,500
535,560
536,147
536,148
536,274
536,275
536,500
536,559
536,560
537,147
537,274
537,500
537,501
537,559
538,147
538,274
538,501
538,502
538,559
539,146
539,147
539,273
539,274
539,502
539,503
539,504
539,558
539,559
540,146
540,273
540,504
540,505
540,558
541,145
541,146
541,272
541,273
541,505
541,506
541,557
541,558
542,145
542,271
542,272
542,506
542,507
542,557
543,145
543,271
543,507
543,508
543,556
543,557
544,144
544,145
544,270
544,271
544,508
544,509
544,510
544,556
545,144
545,269
545,270
545,510
545,511
545,555
545,556
546,143
546,144
546,269
546,511
546,512
546,554
546,555
547,143
547,268
547,269
547,512
547,513
547,553
547,554
548,142
548,143
548,268
548,513
548,514
548,552
548,553
549,142
549,267
549,268
549,514
549,515
549,516
549,551
549,552
550,142
550,266
550,267
550,516
550,517
550,550
550,551
551,141
551,142
551,266
551,517
551,518
551,519
551,549
551,550
552,141
552,265
552,266
552,519
552,520
552,521
552,548
552,549
553,140
553,141
553,264
553,265
553,521
553,522
553,523
553,546
553,547
553,548
554,140
554,264
554,523
554,524
554,525
554,545
554,546
555,140
555,263
555,264
555,525
555,526
555,527
555,544
555,545
556,139
556,140
556,262
556,263
556,527
556,528
556,529
556,543
556,544
557,139
557,221
557,222
557,223
557,224
557,225
557,226
557,227
557,228
557,229
557,230
557,262
557,529
557,530
557,531
557,542
557,543
558,97
558,98
558,99
558,100
558,138
558,139
558,218
558,219
558,220
558,221
558,230
558,231
558,232
558,233
558,234
558,235
558,236
558,237
558,238
558,239
558,261
558,262
558,531
558,532
558,533
558,541
558,542
559,97
559,100
559,101
559,102
559,138
559,215
559,216
559,217
559,218
559,239
559,240
559,241
559,260
559,261
559,426
559,427
559,428
559,429
559,430
559,431
559,533
559,534
559,535
559,540
559,541
560,96
560,97
560,102
560,103
560,104
560,105
560,138
560,212
560,213
560,214
560,215
560,241
560,242
560,243
560,260
560,423
560,424
560,425
560,426
560,431
560,432
560,433
560,434
560,435
560,436
560,535
560,536
560,537
560,539
560,540
561,96
561,105
561,106
561,107
561,137
561,138
561,209
561,210
561,211
561,212
561,243
561,244
561,245
561,259
561,260
561,421
561,422
561,423
561,436
561,437
561,438
561,439
561,537
561,538
561,539
562,95
562,96
562,107
562,108
562,109
562,137
562,206
562,207
562,208
562,209
562,245
562,246
562,247
562,259
562,419
562,420
562,421
562,439
562,440
563,95
563,109
563,110
563,111
563,112
563,136
563,137
563,204
563,205
563,206
563,247
563,248
563,258
563,259
563,418
563,419
563,440
563,441
564,95
564,112
564,113
564,114
564,136
564,203
564,204
564,248
564,249
564,250
564,257
564,258
564,418
564,441
564,442
565,94
565,95
565,114
565,115
565,116
565,117
565,136
565,202
565,203
565,250
565,251
565,252
565,257
565,417
565,418
565,442
565,443
566,94
566,117
566,118
566,119
566,135
566,136
566,200
566,201
566,202
566,252
566,253
566,254
566,256
566,257
566,416
566,417
566,443
566,444
567,93
567,94
567,119
567,120
567,121
567,135
567,199
567,200
567,254
567,255
567,256
567,416
567,444
567,445
568,93
568,121
568,134
568,135
568,198
568,199
568,415
568,416
568,445
568,446
569,92
569,93
569,121
569,134
569,197
569,198
569,414
569,415
569,446
570,92
570,120
570,121
570,133
570,134
570,196
570,197
570,413
570,414
570,446
570,447
571,92
571,120
571,133
571,195
571,196
571,412
571,413
571,447
571,510
571,511
571,512
572,91
572,92
572,119
572,120
572,133
572,193
572,194
572,195
572,411
572,412
572,447
572,448
572,508
572,509
572,510
572,512
572,513
573,91
573,119
573,132
573,133
573,192
573,193
573,411
573,448
573,506
573,507
573,508
573,513
573,514
574,90
574,91
574,119
574,132
574,191
574,192
574,411
574,448
574,505
574,506
574,514
574,515
575,90
575,118
575,119
575,131
575,132
575,191
575,410
575,411
575,448
575,449
575,503
575,504
575,505
575,515
575,516
576,90
576,118
576,131
576,190
576,191
576,410
576,449
576,502
576,503
576,516
576,517
576,518
577,89
577,90
577,117
577,118
577,131
577,190
577,410
577,449
577,450
577,500
577,501
577,502
577,518
577,519
578,89
578,117
578,130
578,131
578,189
578,190
578,410
578,450
578,498
578,499
578,500
578,519
578,520
579,88
579,89
579,116
579,117
579,130
579,189
579,410
579,450
579,497
579,498
579,520
579,521
580,88
580,116
580,129
580,130
580,188
580,189
580,409
580,410
580,450
580,495
580,496
580,497
580,521
580,522
581,88
581,116
581,129
581,188
581,409
581,450
581,494
581,495
581,522
581,523
582,87
582,88
582,115
582,116
582,129
582,187
582,188
582,409
582,450
582,492
582,493
582,494
582,523
582,524
583,87
583,115
583,128
583,129
583,187
583,409
583,450
583,490
583,491
583,492
583,524
583,525
584,86
584,87
584,114
584,115
584,128
584,186
584,187
584,408
584,409
584,450
584,489
584,490
584,525
584,526
585,86
585,114
585,127
585,128
585,186
585,408
585,450
585,488
585,489
585,526
585,527
585,528
586,85
586,86
586,114
586,127
586,185
586,186
586,407
586,408
586,450
586,487
586,488
586,528
586,529
587,85
587,113
587,114
587,126
587,127
587,185
587,407
587,450
587,487
587,529
587,530
588,85
588,113
588,126
588,184
588,185
588,406
588,407
588,450
588,486
588,487
588,530
588,531
589,84
589,85
589,112
589,113
589,126
589,184
589,406
589,450
589,485
589,486
589,531
589,532
590,84
590,112
590,125
590,126
590,183
590,184
590,405
590,406
590,450
590,484
590,485
590,532
590,533
591,83
591,84
591,112
591,125
591,183
591,404
591,405
591,450
591,483
591,484
591,533
592,83
592,111
592,112
592,124
592,125
592,183
592,404
592,450
592,451
592,483
592,533
592,534
593,83
593,111
593,124
593,183
593,403
593,404
593,451
593,482
593,483
593,534
593,535
594,82
594,83
594,110
594,111
594,124
594,183
594,402
594,403
594,451
594,481
594,482
594,535
595,82
595,110
595,123
595,124
595,183
595,401
595,402
595,451
595,480
595,481
595,535
595,536
596,81
596,82
596,109
596,110
596,123
596,183
596,401
596,451
596,480
596,536
596,537
597,81
597,109
597,122
597,123
597,183
597,400
597,401
597,451
597,479
597,480
597,537
598,81
598,109
598,122
598,183
598,399
598,400
598,451
598,478
598,479
598,537
598,538
599,80
599,81
599,108
599,109
599,122
599,183
599,398
599,399
599,451
599,477
599,478
599,538
599,539
600,80
600,108
600,121
600,122
600,183
600,398
600,451
600,476
600,477
600,539
600,540
601,79
601,80
601,107
601,108
601,121
601,183
601,397
601,398
601,451
601,476
601,540
602,79
602,107
602,120
602,121
602,183
602,396
602,397
602,451
602,475
602,476
602,540
602,541
603,78
603,79
603,107
603,120
603,182
603,183
603,394
603,395
603,396
603,451
603,474
603,475
603,541
603,542
604,78
604,106
604,107
604,119
604,120
604,182
604,393
604,394
604,451
604,474
604,542
605,78
605,106
605,119
605,182
605,392
605,393
605,451
605,474
605,475
605,542
605,543
606,77
606,78
606,105
606,106
606,119
606,182
606,392
606,451
606,475
606,543
606,544
607,77
607,105
607,118
607,119
607,182
607,392
607,451
607,475
607,476
607,544
608,76
608,77
608,105
608,118
608,182
608,392
608,451
608,476
608,477
608,544
608,545
609,76
609,104
609,105
609,117
609,118
609,182
609,392
609,393
609,451
609,452
609,477
609,545
609,546
610,76
610,104
610,117
610,182
610,393
610,452
610,477
610,478
610,546
611,76
611,77
611,78
611,103
611,104
611,117
611,182
611,393
611,452
611,478
611,479
611,546
611,547
612,78
612,79
612,80
612,103
612,116
612,117
612,182
612,393
612,452
612,479
612,547
613,80
613,81
613,82
613,83
613,102
613,103
613,116
613,182
613,393
613,394
613,452
613,453
613,479
613,480
613,546
613,547
614,83
614,84
614,85
614,102
614,115
614,116
614,182
614,394
614,453
614,480
614,481
614,545
614,546
615,85
615,86
615,87
615,88
615,102
615,115
615,182
615,183
615,394
615,453
615,481
615,544
615,545
616,88
616,89
616,90
616,101
616,102
616,115
616,183
616,394
616,453
616,481
616,482
616,543
616,544
617,90
617,91
617,92
617,101
617,114
617,115
617,183
617,184
617,394
617,395
617,452
617,453
617,482
617,483
617,543
618,92
618,93
618,94
618,95
618,100
618,101
618,114
618,184
618,395
618,451
618,452
618,483
618,484
618,542
618,543
619,95
619,96
619,97
619,100
619,113
619,114
619,184
619,185
619,395
619,450
619,451
619,484
619,541
619,542
620,97
620,98
620,99
620,100
620,113
620,185
620,395
620,449
620,450
620,484
620,485
620,540
620,541
621,112
621,113
621,185
621,186
621,395
621,447
621,448
621,449
621,485
621,486
621,539
621,540
622,112
622,186
622,395
622,446
622,447
622,486
622,538
622,539
623,112
623,186
623,187
623,395
623,396
623,445
623,446
623,486
623,487
623,537
623,538
624,111
624,112
624,187
624,396
624,444
624,445
624,487
624,488
624,536
624,537
625,111
625,187
625,188
625,396
625,443
625,444
625,488
625,535
625,536
626,110
626,111
626,188
626,396
626,397
626,442
626,443
626,488
626,489
626,535
627,110
627,188
627,189
627,397
627,398
627,441
627,442
627,489
627,490
627,534
627,535
628,110
628,189
628,398
628,399
628,441
628,490
628,491
628,533
628,534
629,109
629,110
629,189
629,399
629,440
629,441
629,491
629,492
629,532
629,533
630,109
630,188
630,189
630,399
630,400
630,439
630,440
630,492
630,493
630,531
630,532
631,108
631,109
631,186
631,187
631,188
631,376
631,377
631,378
631,379
631,400
631,401
631,438
631,439
631,493
631,494
631,495
631,530
631,531
632,108
632,184
632,185
632,186
632,372
632,373
632,374
632,375
632,376
632,379
632,380
632,401
632,402
632,437
632,438
632,495
632,496
632,528
632,529
632,530
633,108
633,183
633,184
633,369
633,370
633,371
633,372
633,380
633,402
633,403
633,436
633,437
633,496
633,497
633,527
633,528
634,107
634,108
634,181
634,182
634,183
634,365
634,366
634,367
634,368
634,369
634,380
634,381
634,403
634,404
634,405
634,436
634,497
634,498
634,526
634,527
635,107
635,180
635,181
635,362
635,363
635,364
635,365
635,381
635,405
635,406
635,407
635,435
635,436
635,498
635,499
635,524
635,525
635,526
636,106
636,107
636,178
636,179
636,180
636,359
636,360
636,361
636,362
636,381
636,382
636,407
636,408
636,409
636,435
636,499
636,500
636,523
636,524
637,106
637,176
637,177
637,178
637,355
637,356
637,357
637,358
637,359
637,382
637,409
637,410
637,411
637,434
637,435
637,500
637,501
637,521
637,522
637,523
638,105
638,106
638,175
638,176
638,353
638,354
638,355
638,382
638,383
638,411
638,412
638,413
638,414
638,415
638,416
638,417
638,418
638,419
638,420
638,421
638,422
638,423
638,433
638,434
638,501
638,502
638,520
638,521
639,105
639,173
639,174
639,175
639,352
639,353
639,383
639,423
639,424
639,425
639,433
639,502
639,503
639,518
639,519
639,520
640,105
640,172
640,173
640,351
640,352
640,383
640,384
640,425
640,426
640,432
640,433
640,503
640,504
640,505
640,517
640,518
641,104
641,105
641,170
641,171
641,172
641,349
641,350
641,351
641,384
641,426
641,427
641,432
641,505
641,506
641,516
641,517
642,104
642,168
642,169
642,170
642,348
642,349
642,384
642,385
642,427
642,428
642,429
642,431
642,432
642,506
642,507
642,514
642,515
642,516
643,103
643,104
643,167
643,168
643,347
643,348
643,385
643,429
643,430
643,431
643,507
643,508
643,513
643,514
644,103
644,165
644,166
644,167
644,346
644,347
644,385
644,386
644,508
644,509
644,511
644,512
644,513
645,103
645,164
645,165
645,345
645,346
645,386
645,509
645,510
645,511
646,103
646,104
646,105
646,106
646,107
646,162
646,163
646,164
646,343
646,344
646,345
646,386
646,387
647,107
647,108
647,109
647,110
647,111
647,112
647,113
647,114
647,160
647,161
647,162
647,342
647,343
647,387
648,114
648,115
648,116
648,117
648,118
648,119
648,120
648,159
648,160
648,341
648,342
648,387
648,388
649,120
649,121
649,122
649,123
649,124
649,125
649,126
649,127
649,157
649,158
649,159
649,340
649,341
649,388
650,127
650,128
650,129
650,130
650,131
650,132
650,133
650,134
650,156
650,157
650,339
650,340
650,388
650,389
651,134
651,135
651,136
651,137
651,138
651,139
651,140
651,154
651,155
651,156
651,337
651,338
651,339
651,389
652,140
652,141
652,142
652,143
652,144
652,145
652,146
652,147
652,152
652,153
652,154
652,336
652,337
652,389
652,390
653,147
653,148
653,149
653,150
653,151
653,152
653,335
653,336
653,390
654,334
654,335
654,390
654,391
655,334
655,391
655,392
656,334
656,335
656,392
657,335
657,392
657,393
658,335
658,336
658,393
659,336
659,393
659,394
660,336
660,337
660,394
661,337
661,394
661,395
662,337
662,338
662,395
663,338
663,395
663,396
664,338
664,339
664,396
665,339
665,396
665,397
666,339
666,340
666,397
667,340
667,397
667,398
668,340
668,341
668,398
669,341
669,398
669,399
670,341
670,342
670,399
671,342
671,343
671,399
671,400
672,343
672,400
673,343
673,344
673,400
673,401
674,344
674,401
675,84
675,85
675,86
675,87
675,344
675,345
675,401
675,402
676,82
676,83
676,84
676,87
676,88
676,345
676,402
677,80
677,81
677,82
677,88
677,345
677,346
677,402
677,403
678,78
678,79
678,80
678,88
678,89
678,346
678,403
679,76
679,77
679,78
679,89
679,346
679,347
679,403
679,404
680,74
680,75
680,76
680,89
680,90
680,347
680,404
681,72
681,73
681,74
681,90
681,347
681,348
681,403
681,404
682,70
682,71
682,72
682,90
682,91
682,348
682,401
682,402
682,403
683,68
683,69
683,70
683,91
683,348
683,349
683,400
683,401
684,66
684,67
684,68
684,91
684,92
684,349
684,398
684,399
684,400
685,64
685,65
685,66
685,92
685,349
685,350
685,397
685,398
686,62
686,63
686,64
686,92
686,93
686,350
686,395
686,396
686,397
687,60
687,61
687,62
687,93
687,350
687,351
687,394
687,395
688,58
688,59
688,60
688,93
688,94
688,351
688,352
688,392
688,393
688,394
689,56
689,57
689,58
689,94
689,352
689,391
689,392
690,54
690,55
690,56
690,94
690,95
690,352
690,353
690,389
690,390
690,391
691,52
691,53
691,54
691,95
691,353
691,388
691,389
692,52
692,95
692,96
692,353
692,354
692,386
692,387
692,388
693,52
693,96
693,354
693,385
693,386
694,52
694,53
694,96
694,97
694,354
694,355
694,383
694,384
694,385
695,53
695,97
695,355
695,381
695,382
695,383
696,53
696,54
696,97
696,98
696,355
696,356
696,378
696,379
696,380
696,381
697,54
697,98
697,356
697,376
697,377
697,378
698,54
698,55
698,98
698,99
698,356
698,357
698,373
698,374
698,375
698,376
699,55
699,99
699,357
699,370
699,371
699,372
699,373
700,55
700,56
700,99
700,100
700,357
700,358
700,367
700,368
700,369
700,370
701,56
701,100
701,358
701,365
701,366
701,367
702,56
702,57
702,100
702,101
702,358
702,359
702,362
702,363
702,364
702,365
703,57
703,101
703,359
703,360
703,361
703,362
704,57
704,58
704,101
704,102
705,58
705,102
706,58
706,59
706,102
706,103
707,59
707,103
708,59
708,60
708,103
708,104
709,60
709,104
710,60
710,61
710,104
710,105
711,61
711,105
712,61
712,62
712,105
712,106
713,62
713,106
714,62
714,63
714,106
714,107
715,63
715,107
715,224
715,225
715,226
716,63
716,107
716,108
716,222
716,223
716,224
716,226
716,227
716,228
717,63
717,64
717,108
717,221
717,222
717,228
717,229
718,64
718,108
718,109
718,219
718,220
718,221
718,229
718,230
718,231
719,64
719,65
719,109
719,217
719,218
719,219
719,231
719,232
719,233
720,65
720,109
720,110
720,215
720,216
720,217
720,233
720,234
720,235
721,65
721,66
721,110
721,213
721,214
721,215
721,235
721,236
721,237
721,238
721,239
722,66
722,110
722,211
722,212
722,213
722,239
722,240
722,241
723,66
723,67
723,108
723,109
723,110
723,209
723,210
723,211
723,241
723,242
724,67
724,106
724,107
724,108
724,187
724,188
724,189
724,190
724,191
724,205
724,206
724,207
724,208
724,209
724,242
724,243
725,67
725,68
725,104
725,105
725,106
725,186
725,187
725,191
725,192
725,193
725,194
725,195
725,196
725,197
725,201
725,202
725,203
725,204
725,205
725,243
725,244
726,68
726,102
726,103
726,104
726,184
726,185
726,186
726,197
726,198
726,199
726,200
726,201
726,244
727,68
727,69
727,100
727,101
727,102
727,183
727,184
727,244
727,245
728,69
728,98
728,99
728,100
728,182
728,183
728,245
728,246
729,69
729,70
729,96
729,97
729,98
729,180
729,181
729,182
729,246
729,247
730,70
730,94
730,95
730,96
730,179
730,180
730,247
730,248
731,70
731,71
731,91
731,92
731,93
731,94
731,177
731,178
731,179
731,248
732,71
732,89
732,90
732,91
732,176
732,177
732,248
732,249
733,71
733,72
733,87
733,88
733,89
733,175
733,176
733,249
734,72
734,85
734,86
734,87
734,173
734,174
734,175
734,249
734,250
735,72
735,73
735,83
735,84
735,85
735,172
735,173
735,250
736,73
736,81
736,82
736,83
736,172
736,250
736,251
737,73
737,74
737,79
737,80
737,81
737,172
737,251
738,74
738,77
738,78
738,79
738,172
738,251
738,252
739,74
739,75
739,76
739,77
739,171
739,172
739,252
740,171
740,252
741,171
741,252
742,171
742,251
742,252
743,147
743,148
743,149
743,150
743,151
743,152
743,153
743,154
743,155
743,171
743,251
744,135
744,136
744,137
744,138
744,139
744,140
744,141
744,142
744,143
744,144
744,145
744,146
744,147
744,155
744,171
744,251
745,128
745,129
745,130
745,131
745,132
745,133
745,134
745,135
745,155
745,156
745,171
745,250
745,251
746,126
746,127
746,128
746,156
746,170
746,171
746,250
747,124
747,125
747,126
747,156
747,157
747,170
747,250
748,122
748,123
748,124
748,157
748,170
748,250
749,120
749,121
749,122
749,157
749,170
749,249
749,250
750,117
750,118
750,119
750,120
750,157
750,158
750,170
750,249
751,115
751,116
751,117
751,158
751,170
751,171
751,249
752,113
752,114
752,115
752,158
752,159
752,171
752,248
752,249
753,111
753,112
753,113
753,159
753,171
753,172
753,248
754,109
754,110
754,111
754,159
754,172
754,173
754,248
754,249
755,107
755,108
755,109
755,159
755,160
755,173
755,249
756,107
756,160
756,173
756,174
756,249
756,250
757,107
757,160
757,174
757,175
757,250
758,107
758,160
758,161
758,175
758,176
758,250
758,251
759,107
759,161
759,176
759,251
760,107
760,161
760,162
760,176
760,177
760,251
760,252
761,107
761,108
761,162
761,177
761,178
761,252
762,108
762,162
762,178
762,179
762,180
762,252
763,108
763,162
763,163
763,180
763,181
763,182
763,249
763,250
763,251
763,252
764,108
764,163
764,182
764,183
764,184
764,244
764,245
764,246
764,247
764,248
764,249
765,108
765,163
765,164
765,184
765,185
765,186
765,240
765,241
765,242
765,243
765,244
766,108
766,164
766,186
766,187
766,188
766,238
766,239
766,240
767,108
767,164
767,188
767,189
767,190
767,191
767,236
767,237
767,238
768,108
768,164
768,191
768,192
768,193
768,194
768,195
768,234
768,235
768,236
769,108
769,164
769,195
769,196
769,197
769,198
769,199
769,232
769,233
769,234
770,108
770,109
770,164
770,165
770,199
770,200
770,201
770,202
770,203
770,204
770,230
770,231
770,232
771,109
771,165
771,204
771,205
771,206
771,207
771,208
771,228
771,229
771,230
772,109
772,165
772,208
772,209
772,210
772,211
772,212
772,227
772,228
773,109
773,165
773,212
773,213
773,214
773,215
773,225
773,226
773,227
774,109
774,165
774,215
774,216
774,223
774,224
774,225
775,109
775,165
775,216
775,217
775,222
775,223
776,109
776,165
776,217
776,218
776,220
776,221
776,222
777,109
777,165
777,166
777,218
777,219
777,220
778,109
778,110
778,166
779,110
779,166
780,110
780,166
781,110
781,166
782,110
782,166
783,110
783,166
784,110
784,111
784,166
784,167
785,111
785,167
786,111
786,112
786,167
787,112
787,167
788,112
788,167
789,112
789,113
789,167
790,113
790,167
791,113
791,114
791,167
791,168
792,114
792,168
793,114
793,168
794,114
794,115
794,168
795,115
795,168
796,115
796,116
796,166
796,167
796,168
797,116
797,164
797,165
797,166
798,116
798,161
798,162
798,163
798,164
799,116
799,117
799,159
799,160
799,161
800,117
800,157
800,158
800,159
801,117
801,118
801,154
801,155
801,156
801,157
802,118
802,152
802,153
802,154
803,118
803,149
803,150
803,151
803,152
804,118
804,119
804,147
804,148
804,149
805,119
805,142
805,143
805,144
805,145
805,146
805,147
806,119
806,120
806,134
806,135
806,136
806,137
806,138
806,139
806,140
806,141
806,142
807,120
807,126
807,127
807,128
807,129
807,130
807,131
807,132
807,133
807,134
808,120
808,121
808,122
808,123
808,124
808,125
808,126
